ticket_id,timestamp_utc,status,priority,action,ticker,entry,take_profit,stop_loss,confidence,priority_score,outlook_label,outlook_score,source_freshness,evidence_count,reason,warnings,next_step
20260525T145021Z_BUY_ACGC.CA,2026-05-25T14:50:21.959039+00:00,PENDING_REVIEW,1,BUY,ACGC.CA,9.65,10.81,9.26,LOW,29.52,BULLISH_WATCH,83.81,market_context=DELAYED; fresh_tickers=190/190,3,"Local fallback BUY candidate: ACGC.CA has fresh Yahoo price data, liquidity above threshold, price above MA20/MA50, RSI 64.79, support 6.94, resistance 10.86, and evidence sources. Macro trend is Bearish; this is a signal-only ticket, so choose any position size manually in Thndr.",,"Review the Telegram summary, verify in Thndr, and choose any position size manually."
20260525T145021Z_BUY_MBSC.CA,2026-05-25T14:50:21.969522+00:00,PENDING_REVIEW,2,BUY,MBSC.CA,280.0,302.4,268.8,LOW,26.4,BULLISH_WATCH,81.69,market_context=DELAYED; fresh_tickers=190/190,3,"Local fallback BUY candidate: MBSC.CA has fresh Yahoo price data, liquidity above threshold, price above MA20/MA50, RSI 64.34, support 258.5, resistance 295.0, and evidence sources. Macro trend is Bearish; this is a signal-only ticket, so choose any position size manually in Thndr.",,"Review the Telegram summary, verify in Thndr, and choose any position size manually."
20260525T145528Z_BUY_MHOT.CA,2026-05-25T14:55:28.996577+00:00,PENDING_REVIEW,1,BUY,MHOT.CA,32.23,34.81,30.94,LOW,32.4,BULLISH_WATCH,95,market_context=DELAYED; fresh_tickers=190/190,3,"Local fallback BUY candidate: MHOT.CA has fresh Yahoo price data, liquidity above threshold, price above MA20/MA50, RSI 69.11, support 26.3, resistance 34.3, and evidence sources. Macro trend is Bearish; this is a signal-only ticket, so choose any position size manually in Thndr.",,"Review the Telegram summary, verify in Thndr, and choose any position size manually."
20260525T145529Z_BUY_ACGC.CA,2026-05-25T14:55:29.005876+00:00,PENDING_REVIEW,2,BUY,ACGC.CA,9.65,10.81,9.26,LOW,29.52,BULLISH_WATCH,83.81,market_context=DELAYED; fresh_tickers=190/190,3,"Local fallback BUY candidate: ACGC.CA has fresh Yahoo price data, liquidity above threshold, price above MA20/MA50, RSI 64.79, support 6.94, resistance 10.86, and evidence sources. Macro trend is Bearish; this is a signal-only ticket, so choose any position size manually in Thndr.",,"Review the Telegram summary, verify in Thndr, and choose any position size manually."
20260525T145529Z_BUY_RAYA.CA,2026-05-25T14:55:29.014402+00:00,PENDING_REVIEW,3,BUY,RAYA.CA,7.65,8.27,7.34,LOW,26.82,BULLISH_WATCH,85,market_context=DELAYED; fresh_tickers=190/190,3,"Local fallback BUY candidate: RAYA.CA has fresh Yahoo price data, liquidity above threshold, price above MA20/MA50, RSI 67.41, support 6.07, resistance 8.0, and evidence sources. Macro trend is Bearish; this is a signal-only ticket, so choose any position size manually in Thndr.",,"Review the Telegram summary, verify in Thndr, and choose any position size manually."
20260525T145948Z_BUY_MHOT.CA,2026-05-25T14:59:48.435348+00:00,PENDING_REVIEW,1,BUY,MHOT.CA,32.23,34.81,30.94,LOW,32.4,BULLISH_WATCH,95,market_context=DELAYED; fresh_tickers=190/190,3,"Local fallback BUY candidate: MHOT.CA has fresh Yahoo price data, liquidity above threshold, price above MA20/MA50, RSI 69.11, support 26.3, resistance 34.3, and evidence sources. Macro trend is Bearish; this is a signal-only ticket, so choose any position size manually in Thndr.",,"Review the Telegram summary, verify in Thndr, and choose any position size manually."
20260525T145948Z_BUY_ACGC.CA,2026-05-25T14:59:48.449457+00:00,PENDING_REVIEW,2,BUY,ACGC.CA,9.65,10.81,9.26,LOW,29.52,BULLISH_WATCH,83.81,market_context=DELAYED; fresh_tickers=190/190,3,"Local fallback BUY candidate: ACGC.CA has fresh Yahoo price data, liquidity above threshold, price above MA20/MA50, RSI 64.79, support 6.94, resistance 10.86, and evidence sources. Macro trend is Bearish; this is a signal-only ticket, so choose any position size manually in Thndr.",,"Review the Telegram summary, verify in Thndr, and choose any position size manually."
20260525T145948Z_BUY_RAYA.CA,2026-05-25T14:59:48.460938+00:00,PENDING_REVIEW,3,BUY,RAYA.CA,7.65,8.27,7.34,LOW,26.82,BULLISH_WATCH,85,market_context=DELAYED; fresh_tickers=190/190,3,"Local fallback BUY candidate: RAYA.CA has fresh Yahoo price data, liquidity above threshold, price above MA20/MA50, RSI 67.41, support 6.07, resistance 8.0, and evidence sources. Macro trend is Bearish; this is a signal-only ticket, so choose any position size manually in Thndr.",,"Review the Telegram summary, verify in Thndr, and choose any position size manually."
20260525T155126Z_BUY_MHOT.CA,2026-05-25T15:51:26.984767+00:00,PENDING_REVIEW,1,BUY,MHOT.CA,32.23,34.81,30.94,LOW,32.4,BULLISH_WATCH,95,market_context=DELAYED; fresh_tickers=190/190,3,"Local fallback BUY candidate: MHOT.CA has fresh Yahoo price data, liquidity above threshold, price above MA20/MA50, RSI 69.11, support 26.3, resistance 34.3, and evidence sources. Macro trend is Bearish; this is a signal-only ticket, so choose any position size manually in Thndr.",,"Review the Telegram summary, verify in Thndr, and choose any position size manually."
20260525T155126Z_BUY_ACGC.CA,2026-05-25T15:51:26.994275+00:00,PENDING_REVIEW,2,BUY,ACGC.CA,9.65,10.81,9.26,LOW,29.52,BULLISH_WATCH,83.81,market_context=DELAYED; fresh_tickers=190/190,3,"Local fallback BUY candidate: ACGC.CA has fresh Yahoo price data, liquidity above threshold, price above MA20/MA50, RSI 64.79, support 6.94, resistance 10.86, and evidence sources. Macro trend is Bearish; this is a signal-only ticket, so choose any position size manually in Thndr.",,"Review the Telegram summary, verify in Thndr, and choose any position size manually."
20260525T155127Z_BUY_RAYA.CA,2026-05-25T15:51:27.004275+00:00,PENDING_REVIEW,3,BUY,RAYA.CA,7.65,8.27,7.34,LOW,26.82,BULLISH_WATCH,85,market_context=DELAYED; fresh_tickers=190/190,3,"Local fallback BUY candidate: RAYA.CA has fresh Yahoo price data, liquidity above threshold, price above MA20/MA50, RSI 67.41, support 6.07, resistance 8.0, and evidence sources. Macro trend is Bearish; this is a signal-only ticket, so choose any position size manually in Thndr.",,"Review the Telegram summary, verify in Thndr, and choose any position size manually."
20260525T155437Z_BUY_MHOT.CA,2026-05-25T15:54:37.100659+00:00,PENDING_REVIEW,1,BUY,MHOT.CA,32.23,34.81,30.94,LOW,32.4,BULLISH_WATCH,95,market_context=DELAYED; fresh_tickers=190/190,3,"Local fallback BUY candidate: MHOT.CA has fresh Yahoo price data, liquidity above threshold, price above MA20/MA50, RSI 69.11, support 26.3, resistance 34.3, and evidence sources. Macro trend is Bearish; this is a signal-only ticket, so choose any position size manually in Thndr.",,"Review the Telegram summary, verify in Thndr, and choose any position size manually."
20260525T155437Z_BUY_ACGC.CA,2026-05-25T15:54:37.117700+00:00,PENDING_REVIEW,2,BUY,ACGC.CA,9.65,10.81,9.26,LOW,29.52,BULLISH_WATCH,83.81,market_context=DELAYED; fresh_tickers=190/190,3,"Local fallback BUY candidate: ACGC.CA has fresh Yahoo price data, liquidity above threshold, price above MA20/MA50, RSI 64.79, support 6.94, resistance 10.86, and evidence sources. Macro trend is Bearish; this is a signal-only ticket, so choose any position size manually in Thndr.",,"Review the Telegram summary, verify in Thndr, and choose any position size manually."
20260525T155437Z_BUY_RAYA.CA,2026-05-25T15:54:37.131034+00:00,PENDING_REVIEW,3,BUY,RAYA.CA,7.65,8.27,7.34,LOW,26.82,BULLISH_WATCH,85,market_context=DELAYED; fresh_tickers=190/190,3,"Local fallback BUY candidate: RAYA.CA has fresh Yahoo price data, liquidity above threshold, price above MA20/MA50, RSI 67.41, support 6.07, resistance 8.0, and evidence sources. Macro trend is Bearish; this is a signal-only ticket, so choose any position size manually in Thndr.",,"Review the Telegram summary, verify in Thndr, and choose any position size manually."
20260525T161708Z_BUY_MHOT.CA,2026-05-25T16:17:08.817132+00:00,PENDING_REVIEW,1,BUY,MHOT.CA,32.23,34.81,30.94,LOW,32.4,BULLISH_WATCH,95,market_context=DELAYED; fresh_tickers=190/190,3,"WATCH/BUY SETUP: MHOT.CA has fresh Yahoo price data, liquidity above threshold, price above MA20/MA50, RSI 69.11, support 26.3, resistance 34.3, and evidence sources. Macro trend is Bearish; verify price action in Thndr before treating it as a swing entry.",,"Review the Telegram summary, verify in Thndr, and choose any position size manually."
20260525T161708Z_BUY_ACGC.CA,2026-05-25T16:17:08.827178+00:00,PENDING_REVIEW,2,BUY,ACGC.CA,9.65,10.81,9.26,LOW,29.52,BULLISH_WATCH,83.81,market_context=DELAYED; fresh_tickers=190/190,3,"WATCH/BUY SETUP: ACGC.CA has fresh Yahoo price data, liquidity above threshold, price above MA20/MA50, RSI 64.79, support 6.94, resistance 10.86, and evidence sources. Macro trend is Bearish; verify price action in Thndr before treating it as a swing entry.",,"Review the Telegram summary, verify in Thndr, and choose any position size manually."
20260525T161708Z_BUY_RAYA.CA,2026-05-25T16:17:08.835920+00:00,PENDING_REVIEW,3,BUY,RAYA.CA,7.65,8.27,7.34,LOW,26.82,BULLISH_WATCH,85,market_context=DELAYED; fresh_tickers=190/190,3,"WATCH/BUY SETUP: RAYA.CA has fresh Yahoo price data, liquidity above threshold, price above MA20/MA50, RSI 67.41, support 6.07, resistance 8.0, and evidence sources. Macro trend is Bearish; verify price action in Thndr before treating it as a swing entry.",,"Review the Telegram summary, verify in Thndr, and choose any position size manually."
20260525T162028Z_BUY_MHOT.CA,2026-05-25T16:20:28.536550+00:00,PENDING_REVIEW,1,BUY,MHOT.CA,32.23,34.81,30.94,LOW,32.4,BULLISH_WATCH,95,market_context=DELAYED; fresh_tickers=190/190,3,"WATCH/BUY SETUP: MHOT.CA has fresh Yahoo price data, liquidity above threshold, price above MA20/MA50, RSI 69.11, support 26.3, resistance 34.3, and evidence sources. Macro trend is Bearish; verify price action in Thndr before treating it as a swing entry.",,"Review the Telegram summary, verify in Thndr, and choose any position size manually."
20260525T162028Z_BUY_ACGC.CA,2026-05-25T16:20:28.549097+00:00,PENDING_REVIEW,2,BUY,ACGC.CA,9.65,10.81,9.26,LOW,29.52,BULLISH_WATCH,83.81,market_context=DELAYED; fresh_tickers=190/190,3,"WATCH/BUY SETUP: ACGC.CA has fresh Yahoo price data, liquidity above threshold, price above MA20/MA50, RSI 64.79, support 6.94, resistance 10.86, and evidence sources. Macro trend is Bearish; verify price action in Thndr before treating it as a swing entry.",,"Review the Telegram summary, verify in Thndr, and choose any position size manually."
20260525T162028Z_BUY_RAYA.CA,2026-05-25T16:20:28.563284+00:00,PENDING_REVIEW,3,BUY,RAYA.CA,7.65,8.27,7.34,LOW,26.82,BULLISH_WATCH,85,market_context=DELAYED; fresh_tickers=190/190,3,"WATCH/BUY SETUP: RAYA.CA has fresh Yahoo price data, liquidity above threshold, price above MA20/MA50, RSI 67.41, support 6.07, resistance 8.0, and evidence sources. Macro trend is Bearish; verify price action in Thndr before treating it as a swing entry.",,"Review the Telegram summary, verify in Thndr, and choose any position size manually."
20260525T163609Z_BUY_MHOT.CA,2026-05-25T16:36:09.437826+00:00,PENDING_REVIEW,1,BUY,MHOT.CA,32.23,34.81,30.94,LOW,32.4,BULLISH_WATCH,95,market_context=DELAYED; fresh_tickers=190/190,3,"WATCH/BUY SETUP: MHOT.CA has fresh Yahoo price data, liquidity above threshold, price above MA20/MA50, RSI 69.11, support 26.3, resistance 34.3, and evidence sources. Macro trend is Bearish; verify price action in Thndr before treating it as a swing entry.",,"Review the Telegram summary, verify in Thndr, and choose any position size manually."
20260525T163609Z_BUY_ACGC.CA,2026-05-25T16:36:09.447732+00:00,PENDING_REVIEW,2,BUY,ACGC.CA,9.65,10.81,9.26,LOW,29.52,BULLISH_WATCH,83.81,market_context=DELAYED; fresh_tickers=190/190,3,"WATCH/BUY SETUP: ACGC.CA has fresh Yahoo price data, liquidity above threshold, price above MA20/MA50, RSI 64.79, support 6.94, resistance 10.86, and evidence sources. Macro trend is Bearish; verify price action in Thndr before treating it as a swing entry.",,"Review the Telegram summary, verify in Thndr, and choose any position size manually."
20260525T163609Z_BUY_RAYA.CA,2026-05-25T16:36:09.456242+00:00,PENDING_REVIEW,3,BUY,RAYA.CA,7.65,8.27,7.34,LOW,26.82,BULLISH_WATCH,85,market_context=DELAYED; fresh_tickers=190/190,3,"WATCH/BUY SETUP: RAYA.CA has fresh Yahoo price data, liquidity above threshold, price above MA20/MA50, RSI 67.41, support 6.07, resistance 8.0, and evidence sources. Macro trend is Bearish; verify price action in Thndr before treating it as a swing entry.",,"Review the Telegram summary, verify in Thndr, and choose any position size manually."
20260525T163931Z_BUY_MHOT.CA,2026-05-25T16:39:31.730286+00:00,PENDING_REVIEW,1,BUY,MHOT.CA,32.23,34.81,30.94,LOW,32.4,BULLISH_WATCH,95,market_context=DELAYED; fresh_tickers=190/190,3,"WATCH/BUY SETUP: MHOT.CA has fresh Yahoo price data, liquidity above threshold, price above MA20/MA50, RSI 69.11, support 26.3, resistance 34.3, and evidence sources. Macro trend is Bearish; verify price action in Thndr before treating it as a swing entry.",,"Review the Telegram summary, verify in Thndr, and choose any position size manually."
20260525T163931Z_BUY_RAYA.CA,2026-05-25T16:39:31.737774+00:00,PENDING_REVIEW,2,BUY,RAYA.CA,7.65,8.27,7.34,LOW,26.82,BULLISH_WATCH,85,market_context=DELAYED; fresh_tickers=190/190,3,"WATCH/BUY SETUP: RAYA.CA has fresh Yahoo price data, liquidity above threshold, price above MA20/MA50, RSI 67.41, support 6.07, resistance 8.0, and evidence sources. Macro trend is Bearish; verify price action in Thndr before treating it as a swing entry.",,"Review the Telegram summary, verify in Thndr, and choose any position size manually."
20260525T163931Z_BUY_MBSC.CA,2026-05-25T16:39:31.745297+00:00,PENDING_REVIEW,3,BUY,MBSC.CA,280.0,302.4,268.8,LOW,26.4,BULLISH_WATCH,81.69,market_context=DELAYED; fresh_tickers=190/190,3,"WATCH/BUY SETUP: MBSC.CA has fresh Yahoo price data, liquidity above threshold, price above MA20/MA50, RSI 64.34, support 258.5, resistance 295.0, and evidence sources. Macro trend is Bearish; verify price action in Thndr before treating it as a swing entry.",,"Review the Telegram summary, verify in Thndr, and choose any position size manually."
20260525T170232Z_BUY_MHOT.CA,2026-05-25T17:02:32.893844+00:00,PENDING_REVIEW,1,BUY,MHOT.CA,32.23,34.81,30.94,LOW,32.4,BULLISH_WATCH,95,market_context=DELAYED; fresh_tickers=190/190,3,"WATCH/BUY SETUP: MHOT.CA has fresh Yahoo price data, liquidity above threshold, price above MA20/MA50, RSI 69.11, support 26.3, resistance 34.3, and evidence sources. Macro trend is Bearish; verify price action in Thndr before treating it as a swing entry.",,"Review the Telegram summary, verify in Thndr, and choose any position size manually."
20260525T170232Z_BUY_ACGC.CA,2026-05-25T17:02:32.904941+00:00,PENDING_REVIEW,2,BUY,ACGC.CA,9.65,10.81,9.26,LOW,29.52,BULLISH_WATCH,83.81,market_context=DELAYED; fresh_tickers=190/190,3,"WATCH/BUY SETUP: ACGC.CA has fresh Yahoo price data, liquidity above threshold, price above MA20/MA50, RSI 64.79, support 6.94, resistance 10.86, and evidence sources. Macro trend is Bearish; verify price action in Thndr before treating it as a swing entry.",,"Review the Telegram summary, verify in Thndr, and choose any position size manually."
20260525T170232Z_BUY_RAYA.CA,2026-05-25T17:02:32.914389+00:00,PENDING_REVIEW,3,BUY,RAYA.CA,7.65,8.27,7.34,LOW,26.82,BULLISH_WATCH,85,market_context=DELAYED; fresh_tickers=190/190,3,"WATCH/BUY SETUP: RAYA.CA has fresh Yahoo price data, liquidity above threshold, price above MA20/MA50, RSI 67.41, support 6.07, resistance 8.0, and evidence sources. Macro trend is Bearish; verify price action in Thndr before treating it as a swing entry.",,"Review the Telegram summary, verify in Thndr, and choose any position size manually."
20260525T170855Z_HOLD_NONE,2026-05-25T17:08:55.884624+00:00,NO_ACTION,,HOLD,,0,0,0,LOW,,,,market_context=DELAYED; fresh_tickers=190/190,0,"Local scanner HOLD: EGX30/EGX70 regime and sector breadth are defensive, so no new BUY is allowed.",,"No trade signal. Review watchlist, sector movement, and warnings."
20260525T171134Z_HOLD_NONE,2026-05-25T17:11:34.343009+00:00,NO_ACTION,,HOLD,,0,0,0,LOW,,,,market_context=DELAYED; fresh_tickers=190/190,0,"Local scanner HOLD: EGX30/EGX70 regime and sector breadth are defensive, so no new BUY is allowed.",,"No trade signal. Review watchlist, sector movement, and warnings."
20260525T171329Z_HOLD_NONE,2026-05-25T17:13:29.648217+00:00,NO_ACTION,,HOLD,,0,0,0,LOW,,,,market_context=DELAYED; fresh_tickers=190/190,0,"Local scanner HOLD: EGX30/EGX70 regime and sector breadth are defensive, so no new BUY is allowed.",,"No trade signal. Review watchlist, sector movement, and warnings."
20260527T170456Z_BUY_MHOT.CA,2026-05-27T17:04:56.410555+00:00,PENDING_REVIEW,1,BUY,MHOT.CA,30.6,34.13,29.38,LOW,32.46,BULLISH_WATCH,99,market_context=DELAYED; fresh_tickers=190/190,3,"WATCH/BUY SETUP: MHOT.CA has fresh Yahoo price data, liquidity above threshold, price above MA20/MA50, RSI 62.31, support 26.3, resistance 34.3, and evidence sources. Macro trend is Bullish; market regime is SELECTIVE_SMALL_MID_SWINGS; verify price action in Thndr before treating it as a swing entry.",,"Review the Telegram summary, verify in Thndr, and choose any position size manually."
20260527T170456Z_BUY_SPMD.CA,2026-05-27T17:04:56.426156+00:00,PENDING_REVIEW,2,BUY,SPMD.CA,0.41,0.45,0.39,LOW,29.44,BULLISH_WATCH,88.39,market_context=DELAYED; fresh_tickers=190/190,3,"WATCH/BUY SETUP: SPMD.CA has fresh Yahoo price data, liquidity above threshold, price above MA20/MA50, RSI 61.05, support 0.35, resistance 0.43, and evidence sources. Macro trend is Bullish; market regime is SELECTIVE_SMALL_MID_SWINGS; verify price action in Thndr before treating it as a swing entry.",,"Review the Telegram summary, verify in Thndr, and choose any position size manually."
20260527T170456Z_BUY_MBSC.CA,2026-05-27T17:04:56.439052+00:00,PENDING_REVIEW,3,BUY,MBSC.CA,272.96,293.52,264.5,LOW,27.86,BULLISH_WATCH,100,market_context=DELAYED; fresh_tickers=190/190,3,"WATCH/BUY SETUP: MBSC.CA has fresh Yahoo price data, liquidity above threshold, price above MA20/MA50, RSI 60.57, support 258.5, resistance 295.0, and evidence sources. Macro trend is Bullish; market regime is SELECTIVE_SMALL_MID_SWINGS; verify price action in Thndr before treating it as a swing entry.",,"Review the Telegram summary, verify in Thndr, and choose any position size manually."
20260601T064432Z_HOLD_NONE,2026-06-01T06:44:32.094836+00:00,NO_ACTION,,HOLD,,0,0,0,LOW,,,,market_context=DELAYED; fresh_tickers=189/190,0,"Local fallback HOLD: no candidate passed evidence, liquidity, freshness, and technical gates.",,"No trade signal. Review watchlist, sector movement, and warnings."
20260601T122129Z_HOLD_NONE,2026-06-01T12:21:29.702500+00:00,NO_ACTION,,HOLD,,0,0,0,LOW,,,,market_context=DELAYED; fresh_tickers=189/190,0,"Local fallback HOLD: no candidate passed evidence, liquidity, freshness, and technical gates.",,"No trade signal. Review watchlist, sector movement, and warnings."
20260601T130919Z_HOLD_NONE,2026-06-01T13:09:19.498485+00:00,NO_ACTION,,HOLD,,0,0,0,LOW,,,,market_context=DELAYED; fresh_tickers=189/190,0,"Local fallback HOLD: no candidate passed evidence, liquidity, freshness, and technical gates.",,"No trade signal. Review watchlist, sector movement, and warnings."
20260601T162325Z_HOLD_NONE,2026-06-01T16:23:25.305689+00:00,NO_ACTION,,HOLD,,0,0,0,LOW,,,,market_context=DELAYED; fresh_tickers=189/190,0,"Local fallback HOLD: no candidate passed evidence, liquidity, freshness, and technical gates.",,"No trade signal. Review watchlist, sector movement, and warnings."
20260601T231944Z_HOLD_NONE,2026-06-01T23:19:44.457380+00:00,NO_ACTION,,HOLD,,0,0,0,LOW,,,,market_context=DELAYED; tradeable_price_tickers=190/190; directfn_liquidity=187/190,0,"Local scanner HOLD: EGX30/EGX70 regime and sector breadth are defensive, so no new BUY is allowed.",,"No trade signal. Review watchlist, sector movement, and warnings."
20260602T001524Z_HOLD_NONE,2026-06-02T00:15:24.966570+00:00,NO_ACTION,,HOLD,,0,0,0,LOW,,,,market_context=DELAYED; tradeable_price_tickers=177/190; mubasher_current_rows=177/190,0,"Local fallback HOLD: no candidate passed evidence, liquidity, freshness, and technical gates.",,"No trade signal. Review watchlist, sector movement, and warnings."
20260602T070626Z_BUY_ARAB.CA,2026-06-02T07:06:26.516176+00:00,PENDING_REVIEW,1,BUY,ARAB.CA,0.21,0.23,0.2,LOW,33.52,BULLISH_WATCH,100,market_context=DELAYED; tradeable_price_tickers=189/190; mubasher_current_rows=177/190,3,"BUY SETUP: ARAB.CA has aligned current price data, liquidity above threshold, price above MA20/MA50, RSI 57.14, support 0.19, resistance 0.21, and evidence sources. Macro trend is Bullish; market regime is BROAD_RISK_ON; verify price action in Thndr before treating it as a swing entry.",,"Review the Telegram summary, verify in Thndr, and choose any position size manually."
20260602T070626Z_BUY_ARVA.CA,2026-06-02T07:06:26.517399+00:00,PENDING_REVIEW,2,BUY,ARVA.CA,9.25,9.99,8.88,LOW,30.86,BULLISH_WATCH,89.0,market_context=DELAYED; tradeable_price_tickers=189/190; mubasher_current_rows=177/190,3,"BUY SETUP: ARVA.CA has aligned current price data, liquidity above threshold, price above MA20/MA50, RSI 55.39, support 7.71, resistance 9.47, and evidence sources. Macro trend is Bullish; market regime is BROAD_RISK_ON; verify price action in Thndr before treating it as a swing entry.",,"Review the Telegram summary, verify in Thndr, and choose any position size manually."
20260602T095456Z_BUY_EMFD.CA,2026-06-02T09:54:56.649590+00:00,PENDING_REVIEW,1,BUY,EMFD.CA,11.98,12.94,11.5,LOW,33.94,BULLISH_WATCH,97,market_context=DELAYED; tradeable_price_tickers=183/190; mubasher_current_rows=178/190,3,"WATCH/BUY SETUP: EMFD.CA has aligned current price data, liquidity above threshold, price above MA20/MA50, RSI 62.63, support 9.83, resistance 11.89, and evidence sources. Macro trend is Bullish; market regime is SELECTIVE_SMALL_MID_SWINGS; verify price action in Thndr before treating it as a swing entry.",,"Review the Telegram summary, verify in Thndr, and choose any position size manually."
20260602T095456Z_BUY_ORWE.CA,2026-06-02T09:54:56.650801+00:00,PENDING_REVIEW,2,BUY,ORWE.CA,24.07,25.99,23.11,LOW,31.1,BULLISH_WATCH,100,market_context=DELAYED; tradeable_price_tickers=183/190; mubasher_current_rows=178/190,3,"WATCH/BUY SETUP: ORWE.CA has aligned current price data, liquidity above threshold, price above MA20/MA50, RSI 68.95, support 21.48, resistance 23.28, and evidence sources. Macro trend is Bullish; market regime is SELECTIVE_SMALL_MID_SWINGS; verify price action in Thndr before treating it as a swing entry.",,"Review the Telegram summary, verify in Thndr, and choose any position size manually."
20260602T095456Z_BUY_UNIT.CA,2026-06-02T09:54:56.652036+00:00,PENDING_REVIEW,3,BUY,UNIT.CA,13.98,15.1,13.42,LOW,29.58,BULLISH_WATCH,97,market_context=DELAYED; tradeable_price_tickers=183/190; mubasher_current_rows=178/190,3,"WATCH/BUY SETUP: UNIT.CA has aligned current price data, liquidity above threshold, price above MA20/MA50, RSI 69.7, support 10.2, resistance 14.4, and evidence sources. Macro trend is Bullish; market regime is SELECTIVE_SMALL_MID_SWINGS; verify price action in Thndr before treating it as a swing entry.",,"Review the Telegram summary, verify in Thndr, and choose any position size manually."
20260602T105809Z_BUY_EMFD.CA,2026-06-02T10:58:09.777286+00:00,PENDING_REVIEW,1,BUY,EMFD.CA,12.0,12.96,11.52,LOW,34.16,BULLISH_WATCH,97,market_context=DELAYED; tradeable_price_tickers=181/190; mubasher_current_rows=180/190,2,"WATCH/BUY SETUP: EMFD.CA has aligned current price data, liquidity above threshold, price above MA20/MA50, RSI 62.63, support 9.83, resistance 11.89, and evidence sources. Macro trend is Bullish; market regime is SELECTIVE_SMALL_MID_SWINGS; verify price action in Thndr before treating it as a swing entry.",,"Review the Telegram summary, verify in Thndr, and choose any position size manually."
20260602T105809Z_BUY_ORWE.CA,2026-06-02T10:58:09.778364+00:00,PENDING_REVIEW,2,BUY,ORWE.CA,23.9,25.82,22.94,LOW,31.22,BULLISH_WATCH,95.63,market_context=DELAYED; tradeable_price_tickers=181/190; mubasher_current_rows=180/190,3,"WATCH/BUY SETUP: ORWE.CA has aligned current price data, liquidity above threshold, price above MA20/MA50, RSI 68.95, support 21.48, resistance 23.28, and evidence sources. Macro trend is Bullish; market regime is SELECTIVE_SMALL_MID_SWINGS; verify price action in Thndr before treating it as a swing entry.",,"Review the Telegram summary, verify in Thndr, and choose any position size manually."
20260602T105809Z_BUY_UNIT.CA,2026-06-02T10:58:09.779501+00:00,PENDING_REVIEW,3,BUY,UNIT.CA,13.89,15.01,13.33,LOW,29.92,BULLISH_WATCH,97,market_context=DELAYED; tradeable_price_tickers=181/190; mubasher_current_rows=180/190,3,"WATCH/BUY SETUP: UNIT.CA has aligned current price data, liquidity above threshold, price above MA20/MA50, RSI 69.7, support 10.2, resistance 14.4, and evidence sources. Macro trend is Bullish; market regime is SELECTIVE_SMALL_MID_SWINGS; verify price action in Thndr before treating it as a swing entry.",,"Review the Telegram summary, verify in Thndr, and choose any position size manually."
20260602T120530Z_HOLD_NONE,2026-06-02T12:05:30.875380+00:00,NO_ACTION,,HOLD,,0,0,0,LOW,,,,market_context=DELAYED; tradeable_price_tickers=181/190; mubasher_current_rows=181/190,0,"Local fallback HOLD: no candidate passed evidence, liquidity, freshness, and technical gates.",,"No trade signal. Review watchlist, sector movement, and warnings."
20260602T170254Z_HOLD_NONE,2026-06-02T17:02:54.723392+00:00,NO_ACTION,,HOLD,,0,0,0,LOW,,,,market_context=DELAYED; tradeable_price_tickers=181/190; mubasher_current_rows=181/190,0,"Local fallback HOLD: no candidate passed evidence, liquidity, freshness, and technical gates.",,"No trade signal. Review watchlist, sector movement, and warnings."
20260602T200037Z_BUY_ORWE.CA,2026-06-02T20:00:37.149962+00:00,PENDING_REVIEW,1,BUY,ORWE.CA,24.0,25.92,23.04,LOW,32.9,BULLISH_WATCH,95.93,market_context=DELAYED; tradeable_price_tickers=181/190; mubasher_current_rows=181/190,3,"WATCH/BUY SETUP: ORWE.CA has aligned current price data, liquidity above threshold, price above MA20/MA50, RSI 68.95, support 21.48, resistance 23.28, and evidence sources. Macro trend is Bullish; market regime is BROAD_RISK_ON; verify price action in Thndr before treating it as a swing entry.",,"Review the Telegram summary, verify in Thndr, and choose any position size manually."
20260602T200037Z_BUY_CLHO.CA,2026-06-02T20:00:37.151173+00:00,PENDING_REVIEW,2,BUY,CLHO.CA,16.09,17.37,15.45,LOW,30.9,BULLISH_WATCH,88.48,market_context=DELAYED; tradeable_price_tickers=181/190; mubasher_current_rows=181/190,3,"BUY SETUP: CLHO.CA has aligned current price data, liquidity above threshold, price above MA20/MA50, RSI 57.82, support 14.58, resistance 16.6, and evidence sources. Macro trend is Bullish; market regime is BROAD_RISK_ON; verify price action in Thndr before treating it as a swing entry.",,"Review the Telegram summary, verify in Thndr, and choose any position size manually."
20260602T200037Z_BUY_EFID.CA,2026-06-02T20:00:37.152403+00:00,PENDING_REVIEW,3,BUY,EFID.CA,29.19,31.53,28.02,LOW,30.56,BULLISH_WATCH,88.85,market_context=DELAYED; tradeable_price_tickers=181/190; mubasher_current_rows=181/190,3,"WATCH/BUY SETUP: EFID.CA has aligned current price data, liquidity above threshold, price above MA20/MA50, RSI 65.33, support 27.49, resistance 29.15, and evidence sources. Macro trend is Bullish; market regime is BROAD_RISK_ON; verify price action in Thndr before treating it as a swing entry.",,"Review the Telegram summary, verify in Thndr, and choose any position size manually."
20260603T034240Z_HOLD_NONE,2026-06-03T03:42:40.388948+00:00,NO_ACTION,,HOLD,,0,0,0,LOW,,,,market_context=MISSING; tradeable_price_tickers=189/190; mubasher_current_rows=180/190,0,"Local fallback HOLD: macro source is missing, so no new BUY is allowed.",,"No trade signal. Review watchlist, sector movement, and warnings."
20260603T103130Z_BUY_UNIT.CA,2026-06-03T10:31:30.896586+00:00,PENDING_REVIEW,1,BUY,UNIT.CA,14.62,15.78,14.04,LOW,35.4,BULLISH_WATCH,97,market_context=DELAYED; tradeable_price_tickers=185/190; mubasher_current_rows=181/190,3,"WATCH/BUY SETUP: UNIT.CA has aligned current price data, liquidity above threshold, price above MA20/MA50, RSI 64.44, support 10.27, resistance 15.3, and evidence sources. Macro trend is Bearish; market regime is SELECTIVE_SMALL_MID_SWINGS; verify price action in Thndr before treating it as a swing entry.",,"Review the Telegram summary, verify in Thndr, and choose any position size manually."
20260603T103130Z_BUY_ELKA.CA,2026-06-03T10:31:30.897841+00:00,PENDING_REVIEW,2,BUY,ELKA.CA,1.3,1.4,1.25,LOW,32.16,BULLISH_WATCH,84.41,market_context=DELAYED; tradeable_price_tickers=185/190; mubasher_current_rows=181/190,3,"WATCH/BUY SETUP: ELKA.CA has aligned current price data, liquidity above threshold, price above MA20/MA50, RSI 59.09, support 1.11, resistance 1.25, and evidence sources. Macro trend is Bearish; market regime is SELECTIVE_SMALL_MID_SWINGS; verify price action in Thndr before treating it as a swing entry.",,"Review the Telegram summary, verify in Thndr, and choose any position size manually."
20260603T103130Z_BUY_EMFD.CA,2026-06-03T10:31:30.899100+00:00,PENDING_REVIEW,3,BUY,EMFD.CA,11.6,12.52,11.14,LOW,30.78,BULLISH_WATCH,95,market_context=DELAYED; tradeable_price_tickers=185/190; mubasher_current_rows=181/190,3,"WATCH/BUY SETUP: EMFD.CA has aligned current price data, liquidity above threshold, price above MA20/MA50, RSI 62.63, support 9.83, resistance 12.3, and evidence sources. Macro trend is Bearish; market regime is SELECTIVE_SMALL_MID_SWINGS; verify price action in Thndr before treating it as a swing entry.",,"Review the Telegram summary, verify in Thndr, and choose any position size manually."
20260603T112758Z_BUY_UNIT.CA,2026-06-03T11:27:58.687112+00:00,PENDING_REVIEW,1,BUY,UNIT.CA,14.39,15.55,13.81,LOW,34.4,BULLISH_WATCH,100,market_context=DELAYED; tradeable_price_tickers=181/190; mubasher_current_rows=182/190,3,"WATCH/BUY SETUP: UNIT.CA has aligned current price data, liquidity above threshold, price above MA20/MA50, RSI 64.44, support 10.27, resistance 15.3, and evidence sources. Macro trend is Bearish; market regime is SELECTIVE_SMALL_MID_SWINGS; verify price action in Thndr before treating it as a swing entry.",,"Review the Telegram summary, verify in Thndr, and choose any position size manually."
20260603T112758Z_BUY_EMFD.CA,2026-06-03T11:27:58.688201+00:00,PENDING_REVIEW,2,BUY,EMFD.CA,11.68,12.62,11.21,LOW,33.9,BULLISH_WATCH,100,market_context=DELAYED; tradeable_price_tickers=181/190; mubasher_current_rows=182/190,3,"WATCH/BUY SETUP: EMFD.CA has aligned current price data, liquidity above threshold, price above MA20/MA50, RSI 62.63, support 9.83, resistance 12.3, and evidence sources. Macro trend is Bearish; market regime is SELECTIVE_SMALL_MID_SWINGS; verify price action in Thndr before treating it as a swing entry.",,"Review the Telegram summary, verify in Thndr, and choose any position size manually."
20260603T112758Z_BUY_ELKA.CA,2026-06-03T11:27:58.689293+00:00,PENDING_REVIEW,3,BUY,ELKA.CA,1.3,1.4,1.25,LOW,32.21,BULLISH_WATCH,84.53,market_context=DELAYED; tradeable_price_tickers=181/190; mubasher_current_rows=182/190,3,"WATCH/BUY SETUP: ELKA.CA has aligned current price data, liquidity above threshold, price above MA20/MA50, RSI 59.09, support 1.11, resistance 1.25, and evidence sources. Macro trend is Bearish; market regime is SELECTIVE_SMALL_MID_SWINGS; verify price action in Thndr before treating it as a swing entry.",,"Review the Telegram summary, verify in Thndr, and choose any position size manually."
20260603T124309Z_BUY_UNIT.CA,2026-06-03T12:43:09.000786+00:00,PENDING_REVIEW,1,BUY,UNIT.CA,14.29,15.43,13.72,LOW,35.4,BULLISH_WATCH,100,market_context=DELAYED; tradeable_price_tickers=180/190; mubasher_current_rows=182/190,3,"WATCH/BUY SETUP: UNIT.CA has aligned current price data, liquidity above threshold, price above MA20/MA50, RSI 64.44, support 10.27, resistance 15.3, and evidence sources. Macro trend is Bearish; market regime is SELECTIVE_SMALL_MID_SWINGS; verify price action in Thndr before treating it as a swing entry.",,"Review the Telegram summary, verify in Thndr, and choose any position size manually."
20260603T124309Z_BUY_EMFD.CA,2026-06-03T12:43:09.001986+00:00,PENDING_REVIEW,2,BUY,EMFD.CA,11.65,12.59,11.18,LOW,35.4,BULLISH_WATCH,100,market_context=DELAYED; tradeable_price_tickers=180/190; mubasher_current_rows=182/190,3,"WATCH/BUY SETUP: EMFD.CA has aligned current price data, liquidity above threshold, price above MA20/MA50, RSI 62.63, support 9.83, resistance 12.3, and evidence sources. Macro trend is Bearish; market regime is SELECTIVE_SMALL_MID_SWINGS; verify price action in Thndr before treating it as a swing entry.",,"Review the Telegram summary, verify in Thndr, and choose any position size manually."
20260603T124309Z_BUY_ARAB.CA,2026-06-03T12:43:09.003178+00:00,PENDING_REVIEW,3,BUY,ARAB.CA,0.21,0.23,0.2,LOW,33.22,BULLISH_WATCH,100,market_context=DELAYED; tradeable_price_tickers=180/190; mubasher_current_rows=182/190,3,"WATCH/BUY SETUP: ARAB.CA has aligned current price data, liquidity above threshold, price above MA20/MA50, RSI 60.61, support 0.19, resistance 0.21, and evidence sources. Macro trend is Bearish; market regime is SELECTIVE_SMALL_MID_SWINGS; verify price action in Thndr before treating it as a swing entry.",,"Review the Telegram summary, verify in Thndr, and choose any position size manually."
20260603T172844Z_BUY_UNIT.CA,2026-06-03T17:28:44.320537+00:00,PENDING_REVIEW,1,BUY,UNIT.CA,14.29,15.43,13.72,LOW,35.4,BULLISH_WATCH,100,market_context=DELAYED; tradeable_price_tickers=180/190; mubasher_current_rows=182/190,3,"WATCH/BUY SETUP: UNIT.CA has aligned current price data, liquidity above threshold, price above MA20/MA50, RSI 64.44, support 10.27, resistance 15.3, and evidence sources. Macro trend is Bearish; market regime is SELECTIVE_SMALL_MID_SWINGS; verify price action in Thndr before treating it as a swing entry.",,"Review the Telegram summary, verify in Thndr, and choose any position size manually."
20260603T172844Z_BUY_EMFD.CA,2026-06-03T17:28:44.321650+00:00,PENDING_REVIEW,2,BUY,EMFD.CA,11.65,12.59,11.18,LOW,35.4,BULLISH_WATCH,100,market_context=DELAYED; tradeable_price_tickers=180/190; mubasher_current_rows=182/190,3,"WATCH/BUY SETUP: EMFD.CA has aligned current price data, liquidity above threshold, price above MA20/MA50, RSI 62.63, support 9.83, resistance 12.3, and evidence sources. Macro trend is Bearish; market regime is SELECTIVE_SMALL_MID_SWINGS; verify price action in Thndr before treating it as a swing entry.",,"Review the Telegram summary, verify in Thndr, and choose any position size manually."
20260603T172844Z_BUY_ARAB.CA,2026-06-03T17:28:44.322767+00:00,PENDING_REVIEW,3,BUY,ARAB.CA,0.21,0.23,0.2,LOW,33.22,BULLISH_WATCH,100,market_context=DELAYED; tradeable_price_tickers=180/190; mubasher_current_rows=182/190,3,"WATCH/BUY SETUP: ARAB.CA has aligned current price data, liquidity above threshold, price above MA20/MA50, RSI 60.61, support 0.19, resistance 0.21, and evidence sources. Macro trend is Bearish; market regime is SELECTIVE_SMALL_MID_SWINGS; verify price action in Thndr before treating it as a swing entry.",,"Review the Telegram summary, verify in Thndr, and choose any position size manually."
20260603T200644Z_BUY_UNIT.CA,2026-06-03T20:06:44.040597+00:00,PENDING_REVIEW,1,BUY,UNIT.CA,14.29,15.43,13.72,LOW,35.4,BULLISH_WATCH,100,market_context=DELAYED; tradeable_price_tickers=180/190; mubasher_current_rows=182/190,1,"WATCH/BUY SETUP: UNIT.CA has aligned current price data, liquidity above threshold, price above MA20/MA50, RSI 64.44, support 10.27, resistance 15.3, and evidence sources. Macro trend is Bearish; market regime is SELECTIVE_SMALL_MID_SWINGS; verify price action in Thndr before treating it as a swing entry.",,"Review the Telegram summary, verify in Thndr, and choose any position size manually."
20260603T200644Z_BUY_EMFD.CA,2026-06-03T20:06:44.041838+00:00,PENDING_REVIEW,2,BUY,EMFD.CA,11.65,12.59,11.18,LOW,35.4,BULLISH_WATCH,100,market_context=DELAYED; tradeable_price_tickers=180/190; mubasher_current_rows=182/190,3,"WATCH/BUY SETUP: EMFD.CA has aligned current price data, liquidity above threshold, price above MA20/MA50, RSI 62.63, support 9.83, resistance 12.3, and evidence sources. Macro trend is Bearish; market regime is SELECTIVE_SMALL_MID_SWINGS; verify price action in Thndr before treating it as a swing entry.",,"Review the Telegram summary, verify in Thndr, and choose any position size manually."
20260603T200644Z_BUY_ARAB.CA,2026-06-03T20:06:44.043108+00:00,PENDING_REVIEW,3,BUY,ARAB.CA,0.21,0.23,0.2,LOW,33.22,BULLISH_WATCH,100,market_context=DELAYED; tradeable_price_tickers=180/190; mubasher_current_rows=182/190,3,"WATCH/BUY SETUP: ARAB.CA has aligned current price data, liquidity above threshold, price above MA20/MA50, RSI 60.61, support 0.19, resistance 0.21, and evidence sources. Macro trend is Bearish; market regime is SELECTIVE_SMALL_MID_SWINGS; verify price action in Thndr before treating it as a swing entry.",,"Review the Telegram summary, verify in Thndr, and choose any position size manually."
20260604T093858Z_BUY_EMFD.CA,2026-06-04T09:38:58.585006+00:00,PENDING_REVIEW,1,BUY,EMFD.CA,11.9,12.86,11.42,LOW,31.02,BULLISH_WATCH,97,market_context=DELAYED; tradeable_price_tickers=181/190; mubasher_current_rows=177/190,3,"WATCH/BUY SETUP: EMFD.CA has aligned current price data, liquidity above threshold, price above MA20/MA50, RSI 61.59, support 9.83, resistance 12.3, and evidence sources. Macro trend is Bearish; market regime is SELECTIVE_SMALL_MID_SWINGS; verify price action in Thndr before treating it as a swing entry.",,"Review the Telegram summary, verify in Thndr, and choose any position size manually."
20260604T093858Z_BUY_ARAB.CA,2026-06-04T09:38:58.586238+00:00,PENDING_REVIEW,2,BUY,ARAB.CA,0.21,0.23,0.2,LOW,30.4,BULLISH_WATCH,98,market_context=DELAYED; tradeable_price_tickers=181/190; mubasher_current_rows=177/190,3,"WATCH/BUY SETUP: ARAB.CA has aligned current price data, liquidity above threshold, price above MA20/MA50, RSI 53.57, support 0.19, resistance 0.22, and evidence sources. Macro trend is Bearish; market regime is SELECTIVE_SMALL_MID_SWINGS; verify price action in Thndr before treating it as a swing entry.",,"Review the Telegram summary, verify in Thndr, and choose any position size manually."
20260604T093858Z_BUY_PRDC.CA,2026-06-04T09:38:58.587510+00:00,PENDING_REVIEW,3,BUY,PRDC.CA,6.27,6.77,6.02,LOW,30.4,BULLISH_WATCH,88,market_context=DELAYED; tradeable_price_tickers=181/190; mubasher_current_rows=177/190,3,"WATCH/BUY SETUP: PRDC.CA has aligned current price data, liquidity above threshold, price above MA20/MA50, RSI 60.42, support 5.08, resistance 6.21, and evidence sources. Macro trend is Bearish; market regime is SELECTIVE_SMALL_MID_SWINGS; verify price action in Thndr before treating it as a swing entry.",,"Review the Telegram summary, verify in Thndr, and choose any position size manually."
20260604T101549Z_BUY_ISPH.CA,2026-06-04T10:15:49.154982+00:00,PENDING_REVIEW,1,BUY,ISPH.CA,12.48,13.48,11.98,LOW,30.72,BULLISH_WATCH,97.36,market_context=DELAYED; tradeable_price_tickers=181/190; mubasher_current_rows=178/190,3,"WATCH/BUY SETUP: ISPH.CA has aligned current price data, liquidity above threshold, price above MA20/MA50, RSI 54.59, support 10.8, resistance 12.25, and evidence sources. Macro trend is Bearish; market regime is SELECTIVE_SMALL_MID_SWINGS; verify price action in Thndr before treating it as a swing entry.",,"Review the Telegram summary, verify in Thndr, and choose any position size manually."
20260604T101549Z_BUY_ARAB.CA,2026-06-04T10:15:49.156210+00:00,PENDING_REVIEW,2,BUY,ARAB.CA,0.21,0.23,0.2,LOW,30.4,BULLISH_WATCH,98,market_context=DELAYED; tradeable_price_tickers=181/190; mubasher_current_rows=178/190,3,"WATCH/BUY SETUP: ARAB.CA has aligned current price data, liquidity above threshold, price above MA20/MA50, RSI 53.57, support 0.19, resistance 0.22, and evidence sources. Macro trend is Bearish; market regime is SELECTIVE_SMALL_MID_SWINGS; verify price action in Thndr before treating it as a swing entry.",,"Review the Telegram summary, verify in Thndr, and choose any position size manually."
20260604T101549Z_BUY_PRDC.CA,2026-06-04T10:15:49.157444+00:00,PENDING_REVIEW,3,BUY,PRDC.CA,6.25,6.75,6.0,LOW,30.4,BULLISH_WATCH,88,market_context=DELAYED; tradeable_price_tickers=181/190; mubasher_current_rows=178/190,3,"WATCH/BUY SETUP: PRDC.CA has aligned current price data, liquidity above threshold, price above MA20/MA50, RSI 60.42, support 5.08, resistance 6.21, and evidence sources. Macro trend is Bearish; market regime is SELECTIVE_SMALL_MID_SWINGS; verify price action in Thndr before treating it as a swing entry.",,"Review the Telegram summary, verify in Thndr, and choose any position size manually."
20260604T111902Z_BUY_ISPH.CA,2026-06-04T11:19:02.650502+00:00,PENDING_REVIEW,1,BUY,ISPH.CA,12.55,13.55,12.05,LOW,31.1,BULLISH_WATCH,97.59,market_context=DELAYED; tradeable_price_tickers=182/190; mubasher_current_rows=179/190,3,"WATCH/BUY SETUP: ISPH.CA has aligned current price data, liquidity above threshold, price above MA20/MA50, RSI 54.59, support 10.8, resistance 12.25, and evidence sources. Macro trend is Bearish; market regime is SELECTIVE_SMALL_MID_SWINGS; verify price action in Thndr before treating it as a swing entry.",,"Review the Telegram summary, verify in Thndr, and choose any position size manually."
20260604T111902Z_BUY_PRDC.CA,2026-06-04T11:19:02.651635+00:00,PENDING_REVIEW,2,BUY,PRDC.CA,6.21,6.71,5.96,LOW,30.44,BULLISH_WATCH,93,market_context=DELAYED; tradeable_price_tickers=182/190; mubasher_current_rows=179/190,3,"WATCH/BUY SETUP: PRDC.CA has aligned current price data, liquidity above threshold, price above MA20/MA50, RSI 60.42, support 5.08, resistance 6.21, and evidence sources. Macro trend is Bearish; market regime is SELECTIVE_SMALL_MID_SWINGS; verify price action in Thndr before treating it as a swing entry.",,"Review the Telegram summary, verify in Thndr, and choose any position size manually."
20260604T111902Z_BUY_GGCC.CA,2026-06-04T11:19:02.652741+00:00,PENDING_REVIEW,3,BUY,GGCC.CA,0.43,0.47,0.41,LOW,30.4,BULLISH_WATCH,83.05,market_context=DELAYED; tradeable_price_tickers=182/190; mubasher_current_rows=179/190,3,"WATCH/BUY SETUP: GGCC.CA has aligned current price data, liquidity above threshold, price above MA20/MA50, RSI 58.14, support 0.39, resistance 0.43, and evidence sources. Macro trend is Bearish; market regime is SELECTIVE_SMALL_MID_SWINGS; verify price action in Thndr before treating it as a swing entry.",,"Review the Telegram summary, verify in Thndr, and choose any position size manually."
20260604T155835Z_HOLD_NONE,2026-06-04T15:58:35.706609+00:00,NO_ACTION,,HOLD,,0,0,0,LOW,,,,market_context=MISSING; tradeable_price_tickers=179/190; mubasher_current_rows=182/190,0,"Local fallback HOLD: macro source is missing, so no new BUY is allowed.",,"No trade signal. Review watchlist, sector movement, and warnings."
20260604T183737Z_BUY_ISPH.CA,2026-06-04T18:37:37.982313+00:00,PENDING_REVIEW,1,BUY,ISPH.CA,12.54,13.54,12.04,LOW,31.34,BULLISH_WATCH,97.65,market_context=DELAYED; tradeable_price_tickers=179/190; mubasher_current_rows=182/190,3,"WATCH/BUY SETUP: ISPH.CA has aligned current price data, liquidity above threshold, price above MA20/MA50, RSI 54.59, support 10.8, resistance 12.25, and evidence sources. Macro trend is Bearish; market regime is SELECTIVE_SMALL_MID_SWINGS; verify price action in Thndr before treating it as a swing entry.",,"Review the Telegram summary, verify in Thndr, and choose any position size manually."
20260604T183737Z_BUY_ARVA.CA,2026-06-04T18:37:37.983419+00:00,PENDING_REVIEW,2,BUY,ARVA.CA,10.6,11.44,10.18,LOW,30.24,BULLISH_WATCH,78.14,market_context=DELAYED; tradeable_price_tickers=179/190; mubasher_current_rows=182/190,3,"WATCH/BUY SETUP: ARVA.CA has aligned current price data, liquidity above threshold, price above MA20/MA50, RSI 64.71, support 7.71, resistance 10.5, and evidence sources. Macro trend is Bearish; market regime is SELECTIVE_SMALL_MID_SWINGS; verify price action in Thndr before treating it as a swing entry.",,"Review the Telegram summary, verify in Thndr, and choose any position size manually."
20260604T183737Z_BUY_ACAMD.CA,2026-06-04T18:37:37.984511+00:00,PENDING_REVIEW,3,BUY,ACAMD.CA,2.37,2.55,2.28,LOW,29.52,BULLISH_WATCH,78.14,market_context=DELAYED; tradeable_price_tickers=179/190; mubasher_current_rows=182/190,3,"WATCH/BUY SETUP: ACAMD.CA has aligned current price data, liquidity above threshold, price above MA20/MA50, RSI 67.31, support 1.94, resistance 2.46, and evidence sources. Macro trend is Bearish; market regime is SELECTIVE_SMALL_MID_SWINGS; verify price action in Thndr before treating it as a swing entry.",,"Review the Telegram summary, verify in Thndr, and choose any position size manually."
20260607T084319Z_BUY_UEGC.CA,2026-06-07T08:43:19.497356+00:00,PENDING_REVIEW,1,BUY,UEGC.CA,1.53,1.65,1.47,LOW,30.92,BULLISH_WATCH,81.85,market_context=DELAYED; tradeable_price_tickers=184/190; mubasher_current_rows=175/190,2,"WATCH/BUY SETUP: UEGC.CA has aligned current price data, liquidity above threshold, price above MA20/MA50, RSI 65.22, support 1.3, resistance 1.46, and evidence sources. Macro trend is Bearish; market regime is SELECTIVE_SMALL_MID_SWINGS; verify price action in Thndr before treating it as a swing entry.",,"Review the Telegram summary, verify in Thndr, and choose any position size manually."
20260607T084319Z_BUY_NCCW.CA,2026-06-07T08:43:19.498468+00:00,PENDING_REVIEW,2,BUY,NCCW.CA,6.2,6.7,5.95,LOW,30.68,BULLISH_WATCH,77.85,market_context=DELAYED; tradeable_price_tickers=184/190; mubasher_current_rows=175/190,3,"WATCH/BUY SETUP: NCCW.CA has aligned current price data, liquidity above threshold, price above MA20/MA50, RSI 66.49, support 5.13, resistance 6.2, and evidence sources. Macro trend is Bearish; market regime is SELECTIVE_SMALL_MID_SWINGS; verify price action in Thndr before treating it as a swing entry.",,"Review the Telegram summary, verify in Thndr, and choose any position size manually."
20260607T084319Z_BUY_EMFD.CA,2026-06-07T08:43:19.499566+00:00,PENDING_REVIEW,3,BUY,EMFD.CA,12.46,13.46,11.96,LOW,30.44,BULLISH_WATCH,97,market_context=DELAYED; tradeable_price_tickers=184/190; mubasher_current_rows=175/190,3,"WATCH/BUY SETUP: EMFD.CA has aligned current price data, liquidity above threshold, price above MA20/MA50, RSI 67.51, support 9.83, resistance 12.38, and evidence sources. Macro trend is Bearish; market regime is SELECTIVE_SMALL_MID_SWINGS; verify price action in Thndr before treating it as a swing entry.",,"Review the Telegram summary, verify in Thndr, and choose any position size manually."
20260607T093631Z_BUY_EMFD.CA,2026-06-07T09:36:31.857579+00:00,PENDING_REVIEW,1,BUY,EMFD.CA,12.38,13.38,11.88,LOW,32.12,BULLISH_WATCH,97,market_context=DELAYED; tradeable_price_tickers=184/190; mubasher_current_rows=177/190,3,"WATCH/BUY SETUP: EMFD.CA has aligned current price data, liquidity above threshold, price above MA20/MA50, RSI 67.51, support 9.83, resistance 12.38, and evidence sources. Macro trend is Bearish; market regime is SELECTIVE_SMALL_MID_SWINGS; verify price action in Thndr before treating it as a swing entry.",,"Review the Telegram summary, verify in Thndr, and choose any position size manually."
20260607T093631Z_BUY_UEGC.CA,2026-06-07T09:36:31.858693+00:00,PENDING_REVIEW,2,BUY,UEGC.CA,1.53,1.65,1.47,LOW,31.27,BULLISH_WATCH,81.82,market_context=DELAYED; tradeable_price_tickers=184/190; mubasher_current_rows=177/190,3,"WATCH/BUY SETUP: UEGC.CA has aligned current price data, liquidity above threshold, price above MA20/MA50, RSI 65.22, support 1.3, resistance 1.46, and evidence sources. Macro trend is Bearish; market regime is SELECTIVE_SMALL_MID_SWINGS; verify price action in Thndr before treating it as a swing entry.",,"Review the Telegram summary, verify in Thndr, and choose any position size manually."
20260607T093631Z_BUY_NCCW.CA,2026-06-07T09:36:31.859804+00:00,PENDING_REVIEW,3,BUY,NCCW.CA,6.3,6.8,6.05,LOW,31.19,BULLISH_WATCH,77.82,market_context=DELAYED; tradeable_price_tickers=184/190; mubasher_current_rows=177/190,3,"WATCH/BUY SETUP: NCCW.CA has aligned current price data, liquidity above threshold, price above MA20/MA50, RSI 66.49, support 5.13, resistance 6.2, and evidence sources. Macro trend is Bearish; market regime is SELECTIVE_SMALL_MID_SWINGS; verify price action in Thndr before treating it as a swing entry.",,"Review the Telegram summary, verify in Thndr, and choose any position size manually."
20260607T103044Z_HOLD_NONE,2026-06-07T10:30:44.427875+00:00,NO_ACTION,,HOLD,,0,0,0,LOW,,,,market_context=DELAYED; tradeable_price_tickers=183/190; mubasher_current_rows=179/190,0,"Local fallback HOLD: no candidate passed evidence, liquidity, freshness, and technical gates.",,"No trade signal. Review watchlist, sector movement, and warnings."
20260607T142851Z_BUY_EMFD.CA,2026-06-07T14:28:51.562230+00:00,PENDING_REVIEW,1,BUY,EMFD.CA,12.38,13.38,11.88,LOW,31.4,BULLISH_WATCH,78.7,market_context=DELAYED; tradeable_price_tickers=178/190; mubasher_current_rows=183/190,3,"WATCH/BUY SETUP: EMFD.CA has aligned current price data, liquidity above threshold, price above MA20/MA50, RSI 67.51, support 9.83, resistance 12.38, and evidence sources. Macro trend is Bearish; market regime is SELECTIVE_SMALL_MID_SWINGS; verify price action in Thndr before treating it as a swing entry.",,"Review the Telegram summary, verify in Thndr, and choose any position size manually."
20260607T174818Z_HOLD_NONE,2026-06-07T17:48:18.124160+00:00,NO_ACTION,,HOLD,,0,0,0,LOW,,,,market_context=DELAYED; tradeable_price_tickers=178/190; mubasher_current_rows=184/190,0,"Local fallback HOLD: no candidate passed evidence, liquidity, freshness, and technical gates.",,"No trade signal. Review watchlist, sector movement, and warnings."
20260608T101107Z_HOLD_NONE,2026-06-08T10:11:07.153183+00:00,NO_ACTION,,HOLD,,0,0,0,LOW,,,,market_context=DELAYED; tradeable_price_tickers=187/190; mubasher_current_rows=176/190,0,"Local fallback HOLD: no candidate passed evidence, liquidity, freshness, and technical gates.",,"No trade signal. Review watchlist, sector movement, and warnings."
20260608T112247Z_HOLD_NONE,2026-06-08T11:22:47.738260+00:00,NO_ACTION,,HOLD,,0,0,0,LOW,,,,market_context=DELAYED; tradeable_price_tickers=185/190; mubasher_current_rows=179/190,0,"Local fallback HOLD: no candidate passed evidence, liquidity, freshness, and technical gates.",,"No trade signal. Review watchlist, sector movement, and warnings."
20260608T122901Z_BUY_RMDA.CA,2026-06-08T12:29:01.050977+00:00,PENDING_REVIEW,1,BUY,RMDA.CA,5.24,5.66,5.03,LOW,31.4,BULLISH_WATCH,96.1,market_context=DELAYED; tradeable_price_tickers=184/190; mubasher_current_rows=180/190,3,"WATCH/BUY SETUP: RMDA.CA has aligned current price data, liquidity above threshold, price above MA20/MA50, RSI 62.85, support 4.78, resistance 5.19, and evidence sources. Macro trend is Bearish; market regime is SELECTIVE_SMALL_MID_SWINGS; verify price action in Thndr before treating it as a swing entry.",,"Review the Telegram summary, verify in Thndr, and choose any position size manually."
20260608T122901Z_BUY_CCAP.CA,2026-06-08T12:29:01.052487+00:00,PENDING_REVIEW,2,BUY,CCAP.CA,5.6,6.04,5.38,LOW,30.64,BULLISH_WATCH,93,market_context=DELAYED; tradeable_price_tickers=184/190; mubasher_current_rows=180/190,3,"WATCH/BUY SETUP: CCAP.CA has aligned current price data, liquidity above threshold, price above MA20/MA50, RSI 54.55, support 4.55, resistance 5.72, and evidence sources. Macro trend is Bearish; market regime is SELECTIVE_SMALL_MID_SWINGS; verify price action in Thndr before treating it as a swing entry.",,"Review the Telegram summary, verify in Thndr, and choose any position size manually."
20260608T122901Z_BUY_MPRC.CA,2026-06-08T12:29:01.054093+00:00,PENDING_REVIEW,3,BUY,MPRC.CA,33.56,36.24,32.22,LOW,29.84,BULLISH_WATCH,95.79,market_context=DELAYED; tradeable_price_tickers=184/190; mubasher_current_rows=180/190,3,"WATCH/BUY SETUP: MPRC.CA has aligned current price data, liquidity above threshold, price above MA20/MA50, RSI 60.71, support 30.61, resistance 34.55, and evidence sources. Macro trend is Bearish; market regime is SELECTIVE_SMALL_MID_SWINGS; verify price action in Thndr before treating it as a swing entry.",,"Review the Telegram summary, verify in Thndr, and choose any position size manually."
20260608T163752Z_HOLD_NONE,2026-06-08T16:37:52.760267+00:00,NO_ACTION,,HOLD,,0,0,0,LOW,,,,market_context=DELAYED; tradeable_price_tickers=184/190; mubasher_current_rows=180/190,0,"Local fallback HOLD: no candidate passed evidence, liquidity, freshness, and technical gates.",,"No trade signal. Review watchlist, sector movement, and warnings."
20260608T184520Z_HOLD_NONE,2026-06-08T18:45:20.990121+00:00,NO_ACTION,,HOLD,,0,0,0,LOW,,,,market_context=DELAYED; tradeable_price_tickers=184/190; mubasher_current_rows=180/190,0,"Local fallback HOLD: no candidate passed evidence, liquidity, freshness, and technical gates.",,"No trade signal. Review watchlist, sector movement, and warnings."
20260609T085249Z_HOLD_NONE,2026-06-09T08:52:49.986351+00:00,NO_ACTION,,HOLD,,0,0,0,LOW,,,,market_context=DELAYED; tradeable_price_tickers=184/190; mubasher_current_rows=168/190,0,"Local scanner HOLD: EGX30/EGX70 regime and sector breadth are defensive, so no new BUY is allowed.",,"No trade signal. Review watchlist, sector movement, and warnings."
20260609T100532Z_HOLD_NONE,2026-06-09T10:05:32.709803+00:00,NO_ACTION,,HOLD,,0,0,0,LOW,,,,market_context=DELAYED; tradeable_price_tickers=183/190; mubasher_current_rows=177/190,0,"Local scanner HOLD: EGX30/EGX70 regime and sector breadth are defensive, so no new BUY is allowed.",,"No trade signal. Review watchlist, sector movement, and warnings."
20260609T110123Z_HOLD_NONE,2026-06-09T11:01:23.669329+00:00,NO_ACTION,,HOLD,,0,0,0,LOW,,,,market_context=DELAYED; tradeable_price_tickers=181/190; mubasher_current_rows=180/190,0,"Local scanner HOLD: EGX30/EGX70 regime and sector breadth are defensive, so no new BUY is allowed.",,"No trade signal. Review watchlist, sector movement, and warnings."
20260609T153612Z_HOLD_NONE,2026-06-09T15:36:12.020794+00:00,NO_ACTION,,HOLD,,0,0,0,LOW,,,,market_context=DELAYED; tradeable_price_tickers=181/190; mubasher_current_rows=181/190,0,"Local scanner HOLD: EGX30/EGX70 regime and sector breadth are defensive, so no new BUY is allowed.",,"No trade signal. Review watchlist, sector movement, and warnings."
20260609T183229Z_HOLD_NONE,2026-06-09T18:32:29.059664+00:00,NO_ACTION,,HOLD,,0,0,0,LOW,,,,market_context=DELAYED; tradeable_price_tickers=181/190; mubasher_current_rows=181/190,0,"Local scanner HOLD: EGX30/EGX70 regime and sector breadth are defensive, so no new BUY is allowed.",,"No trade signal. Review watchlist, sector movement, and warnings."
20260610T091010Z_HOLD_NONE,2026-06-10T09:10:10.170816+00:00,NO_ACTION,,HOLD,,0,0,0,LOW,,,,market_context=DELAYED; tradeable_price_tickers=187/190; mubasher_current_rows=171/190,0,"Local scanner HOLD: EGX30/EGX70 regime and sector breadth are defensive, so no new BUY is allowed.",,"No trade signal. Review watchlist, sector movement, and warnings."
20260610T102420Z_HOLD_NONE,2026-06-10T10:24:20.888055+00:00,NO_ACTION,,HOLD,,0,0,0,LOW,,,,market_context=DELAYED; tradeable_price_tickers=186/190; mubasher_current_rows=177/190,0,"Local scanner HOLD: EGX30/EGX70 regime and sector breadth are defensive, so no new BUY is allowed.",,"No trade signal. Review watchlist, sector movement, and warnings."
20260610T113854Z_HOLD_NONE,2026-06-10T11:38:54.592382+00:00,NO_ACTION,,HOLD,,0,0,0,LOW,,,,market_context=DELAYED; tradeable_price_tickers=177/190; mubasher_current_rows=184/190,0,"Local scanner HOLD: EGX30/EGX70 regime and sector breadth are defensive, so no new BUY is allowed.",,"No trade signal. Review watchlist, sector movement, and warnings."
20260610T161608Z_HOLD_NONE,2026-06-10T16:16:08.121400+00:00,NO_ACTION,,HOLD,,0,0,0,LOW,,,,market_context=DELAYED; tradeable_price_tickers=177/190; mubasher_current_rows=184/190,0,"Local scanner HOLD: EGX30/EGX70 regime and sector breadth are defensive, so no new BUY is allowed.",,"No trade signal. Review watchlist, sector movement, and warnings."
20260610T191244Z_HOLD_NONE,2026-06-10T19:12:44.595845+00:00,NO_ACTION,,HOLD,,0,0,0,LOW,,,,market_context=DELAYED; tradeable_price_tickers=177/190; mubasher_current_rows=184/190,0,"Local scanner HOLD: EGX30/EGX70 regime and sector breadth are defensive, so no new BUY is allowed.",,"No trade signal. Review watchlist, sector movement, and warnings."
20260611T095551Z_HOLD_NONE,2026-06-11T09:55:51.494593+00:00,NO_ACTION,,HOLD,,0,0,0,LOW,,,,market_context=DELAYED; tradeable_price_tickers=188/190; mubasher_current_rows=173/190,0,"Local scanner HOLD: EGX30/EGX70 regime and sector breadth are defensive, so no new BUY is allowed.",,"No trade signal. Review watchlist, sector movement, and warnings."
20260611T110245Z_HOLD_NONE,2026-06-11T11:02:45.097408+00:00,NO_ACTION,,HOLD,,0,0,0,LOW,,,,market_context=DELAYED; tradeable_price_tickers=188/190; mubasher_current_rows=176/190,0,"Local scanner HOLD: EGX30/EGX70 regime and sector breadth are defensive, so no new BUY is allowed.",,"No trade signal. Review watchlist, sector movement, and warnings."
20260611T121134Z_HOLD_NONE,2026-06-11T12:11:34.154290+00:00,NO_ACTION,,HOLD,,0,0,0,LOW,,,,market_context=DELAYED; tradeable_price_tickers=183/190; mubasher_current_rows=179/190,0,"Local scanner HOLD: EGX30/EGX70 regime and sector breadth are defensive, so no new BUY is allowed.",,"No trade signal. Review watchlist, sector movement, and warnings."
20260611T163740Z_HOLD_NONE,2026-06-11T16:37:40.540848+00:00,NO_ACTION,,HOLD,,0,0,0,LOW,,,,market_context=DELAYED; tradeable_price_tickers=183/190; mubasher_current_rows=179/190,0,"Local scanner HOLD: EGX30/EGX70 regime and sector breadth are defensive, so no new BUY is allowed.",,"No trade signal. Review watchlist, sector movement, and warnings."
20260611T192111Z_HOLD_NONE,2026-06-11T19:21:11.873886+00:00,NO_ACTION,,HOLD,,0,0,0,LOW,,,,market_context=DELAYED; tradeable_price_tickers=183/190; mubasher_current_rows=179/190,0,"Local scanner HOLD: EGX30/EGX70 regime and sector breadth are defensive, so no new BUY is allowed.",,"No trade signal. Review watchlist, sector movement, and warnings."
20260614T085852Z_HOLD_NONE,2026-06-14T08:58:52.258546+00:00,NO_ACTION,,HOLD,,0,0,0,LOW,,,,market_context=DELAYED; tradeable_price_tickers=185/190; mubasher_current_rows=174/190,0,"Local scanner HOLD: EGX30/EGX70 regime and sector breadth are defensive, so no new BUY is allowed.",,"No trade signal. Review watchlist, sector movement, and warnings."
20260614T101207Z_HOLD_NONE,2026-06-14T10:12:07.423905+00:00,NO_ACTION,,HOLD,,0,0,0,LOW,,,,market_context=MISSING; tradeable_price_tickers=187/190; mubasher_current_rows=137/190,0,"Local scanner HOLD: EGX30/EGX70 regime and sector breadth are defensive, so no new BUY is allowed.",,"No trade signal. Review watchlist, sector movement, and warnings."
20260614T105005Z_HOLD_NONE,2026-06-14T10:50:05.293871+00:00,NO_ACTION,,HOLD,,0,0,0,LOW,,,,market_context=DELAYED; tradeable_price_tickers=178/190; mubasher_current_rows=179/190,0,"Local scanner HOLD: EGX30/EGX70 regime and sector breadth are defensive, so no new BUY is allowed.",,"No trade signal. Review watchlist, sector movement, and warnings."
20260614T144235Z_HOLD_NONE,2026-06-14T14:42:35.533331+00:00,NO_ACTION,,HOLD,,0,0,0,LOW,,,,market_context=DELAYED; tradeable_price_tickers=172/190; mubasher_current_rows=174/190,0,"Local scanner HOLD: EGX30/EGX70 regime and sector breadth are defensive, so no new BUY is allowed.",,"No trade signal. Review watchlist, sector movement, and warnings."
20260614T175729Z_HOLD_NONE,2026-06-14T17:57:29.025442+00:00,NO_ACTION,,HOLD,,0,0,0,LOW,,,,market_context=DELAYED; tradeable_price_tickers=172/190; mubasher_current_rows=180/190,0,"Local scanner HOLD: EGX30/EGX70 regime and sector breadth are defensive, so no new BUY is allowed.",,"No trade signal. Review watchlist, sector movement, and warnings."
20260615T113809Z_HOLD_NONE,2026-06-15T11:38:09.919767+00:00,NO_ACTION,,HOLD,,0,0,0,LOW,,,,market_context=DELAYED; tradeable_price_tickers=180/190; mubasher_current_rows=179/190,0,"Local scanner HOLD: EGX30/EGX70 regime and sector breadth are defensive, so no new BUY is allowed.",,"No trade signal. Review watchlist, sector movement, and warnings."
20260615T124236Z_HOLD_NONE,2026-06-15T12:42:36.549363+00:00,NO_ACTION,,HOLD,,0,0,0,LOW,,,,market_context=DELAYED; tradeable_price_tickers=180/190; mubasher_current_rows=179/190,0,"Local scanner HOLD: EGX30/EGX70 regime and sector breadth are defensive, so no new BUY is allowed.",,"No trade signal. Review watchlist, sector movement, and warnings."
20260615T135326Z_HOLD_NONE,2026-06-15T13:53:26.071419+00:00,NO_ACTION,,HOLD,,0,0,0,LOW,,,,market_context=DELAYED; tradeable_price_tickers=180/190; mubasher_current_rows=179/190,0,"Local scanner HOLD: EGX30/EGX70 regime and sector breadth are defensive, so no new BUY is allowed.",,"No trade signal. Review watchlist, sector movement, and warnings."
20260615T173232Z_HOLD_NONE,2026-06-15T17:32:32.694130+00:00,NO_ACTION,,HOLD,,0,0,0,LOW,,,,market_context=DELAYED; tradeable_price_tickers=180/190; mubasher_current_rows=179/190,0,"Local scanner HOLD: EGX30/EGX70 regime and sector breadth are defensive, so no new BUY is allowed.",,"No trade signal. Review watchlist, sector movement, and warnings."
20260615T200351Z_HOLD_NONE,2026-06-15T20:03:51.827874+00:00,NO_ACTION,,HOLD,,0,0,0,LOW,,,,market_context=DELAYED; tradeable_price_tickers=180/190; mubasher_current_rows=179/190,0,"Local scanner HOLD: EGX30/EGX70 regime and sector breadth are defensive, so no new BUY is allowed.",,"No trade signal. Review watchlist, sector movement, and warnings."
20260616T103319Z_HOLD_NONE,2026-06-16T10:33:19.236342+00:00,NO_ACTION,,HOLD,,0,0,0,LOW,,,,market_context=DELAYED; tradeable_price_tickers=174/190; mubasher_current_rows=179/190,0,"Local scanner HOLD: EGX30/EGX70 regime and sector breadth are defensive, so no new BUY is allowed.",,"No trade signal. Review watchlist, sector movement, and warnings."
20260616T113617Z_HOLD_NONE,2026-06-16T11:36:17.113069+00:00,NO_ACTION,,HOLD,,0,0,0,LOW,,,,market_context=DELAYED; tradeable_price_tickers=179/190; mubasher_current_rows=183/190,0,"Local scanner HOLD: EGX30/EGX70 regime and sector breadth are defensive, so no new BUY is allowed.",,"No trade signal. Review watchlist, sector movement, and warnings."
20260616T125306Z_HOLD_NONE,2026-06-16T12:53:06.176320+00:00,NO_ACTION,,HOLD,,0,0,0,LOW,,,,market_context=DELAYED; tradeable_price_tickers=179/190; mubasher_current_rows=183/190,0,"Local scanner HOLD: EGX30/EGX70 regime and sector breadth are defensive, so no new BUY is allowed.",,"No trade signal. Review watchlist, sector movement, and warnings."
20260616T173137Z_HOLD_NONE,2026-06-16T17:31:37.808975+00:00,NO_ACTION,,HOLD,,0,0,0,LOW,,,,market_context=DELAYED; tradeable_price_tickers=179/190; mubasher_current_rows=183/190,0,"Local scanner HOLD: EGX30/EGX70 regime and sector breadth are defensive, so no new BUY is allowed.",,"No trade signal. Review watchlist, sector movement, and warnings."
20260616T195718Z_HOLD_NONE,2026-06-16T19:57:18.196370+00:00,NO_ACTION,,HOLD,,0,0,0,LOW,,,,market_context=DELAYED; tradeable_price_tickers=179/190; mubasher_current_rows=183/190,0,"Local scanner HOLD: EGX30/EGX70 regime and sector breadth are defensive, so no new BUY is allowed.",,"No trade signal. Review watchlist, sector movement, and warnings."
20260617T102044Z_HOLD_NONE,2026-06-17T10:20:44.576786+00:00,NO_ACTION,,HOLD,,0,0,0,LOW,,,,market_context=DELAYED; tradeable_price_tickers=180/190; mubasher_current_rows=177/190,0,"Local scanner HOLD: EGX30/EGX70 regime and sector breadth are defensive, so no new BUY is allowed.",,"No trade signal. Review watchlist, sector movement, and warnings."
20260617T112028Z_HOLD_NONE,2026-06-17T11:20:28.212464+00:00,NO_ACTION,,HOLD,,0,0,0,LOW,,,,market_context=DELAYED; tradeable_price_tickers=182/190; mubasher_current_rows=179/190,0,"Local scanner HOLD: EGX30/EGX70 regime and sector breadth are defensive, so no new BUY is allowed.",,"No trade signal. Review watchlist, sector movement, and warnings."
20260617T121636Z_HOLD_NONE,2026-06-17T12:16:36.810385+00:00,NO_ACTION,,HOLD,,0,0,0,LOW,,,,market_context=DELAYED; tradeable_price_tickers=180/190; mubasher_current_rows=179/190,0,"Local scanner HOLD: EGX30/EGX70 regime and sector breadth are defensive, so no new BUY is allowed.",,"No trade signal. Review watchlist, sector movement, and warnings."
20260617T161315Z_HOLD_NONE,2026-06-17T16:13:15.161613+00:00,NO_ACTION,,HOLD,,0,0,0,LOW,,,,market_context=DELAYED; tradeable_price_tickers=180/190; mubasher_current_rows=179/190,0,"Local scanner HOLD: EGX30/EGX70 regime and sector breadth are defensive, so no new BUY is allowed.",,"No trade signal. Review watchlist, sector movement, and warnings."
20260617T184149Z_HOLD_NONE,2026-06-17T18:41:49.518716+00:00,NO_ACTION,,HOLD,,0,0,0,LOW,,,,market_context=DELAYED; tradeable_price_tickers=180/190; mubasher_current_rows=179/190,0,"Local scanner HOLD: EGX30/EGX70 regime and sector breadth are defensive, so no new BUY is allowed.",,"No trade signal. Review watchlist, sector movement, and warnings."
20260618T100113Z_HOLD_NONE,2026-06-18T10:01:13.341248+00:00,NO_ACTION,,HOLD,,0,0,0,LOW,,,,market_context=DELAYED; tradeable_price_tickers=180/190; mubasher_current_rows=179/190,0,"Local fallback HOLD: no candidate passed evidence, liquidity, freshness, and technical gates.",,"No trade signal. Review watchlist, sector movement, and warnings."
20260618T104924Z_BUY_MASR.CA,2026-06-18T10:49:24.804311+00:00,PENDING_REVIEW,1,BUY,MASR.CA,7.44,8.04,7.14,LOW,31.38,BULLISH_WATCH,89.26,market_context=DELAYED; tradeable_price_tickers=180/190; mubasher_current_rows=179/190,3,"WATCH/BUY SETUP: MASR.CA has aligned current price data, liquidity above threshold, price above MA20/MA50, RSI 61.24, support 6.54, resistance 7.4, and evidence sources. Macro trend is Bullish; market regime is SELECTIVE_SMALL_MID_SWINGS; verify price action in Thndr before treating it as a swing entry.",,"Review the Telegram summary, verify in Thndr, and choose any position size manually."
20260618T104924Z_BUY_HDBK.CA,2026-06-18T10:49:24.805679+00:00,PENDING_REVIEW,2,BUY,HDBK.CA,145.42,156.32,139.97,LOW,28.9,BULLISH_WATCH,95.24,market_context=DELAYED; tradeable_price_tickers=180/190; mubasher_current_rows=179/190,3,"WATCH/BUY SETUP: HDBK.CA has aligned current price data, liquidity above threshold, price above MA20/MA50, RSI 59.06, support 138.0, resistance 154.0, and evidence sources. Macro trend is Bullish; market regime is SELECTIVE_SMALL_MID_SWINGS; verify price action in Thndr before treating it as a swing entry.",,"Review the Telegram summary, verify in Thndr, and choose any position size manually."
20260618T104924Z_BUY_TMGH.CA,2026-06-18T10:49:24.807033+00:00,PENDING_REVIEW,3,BUY,TMGH.CA,96.86,102.32,94.13,LOW,28.04,BULLISH_WATCH,92.91,market_context=DELAYED; tradeable_price_tickers=180/190; mubasher_current_rows=179/190,3,"WATCH/BUY SETUP: TMGH.CA has aligned current price data, liquidity above threshold, price above MA20/MA50, RSI 48.52, support 92.91, resistance 101.4, and evidence sources. Macro trend is Bullish; market regime is SELECTIVE_SMALL_MID_SWINGS; verify price action in Thndr before treating it as a swing entry.",,"Review the Telegram summary, verify in Thndr, and choose any position size manually."
20260618T115427Z_HOLD_NONE,2026-06-18T11:54:27.744700+00:00,NO_ACTION,,HOLD,,0,0,0,LOW,,,,market_context=DELAYED; tradeable_price_tickers=180/190; mubasher_current_rows=178/190,0,"Local fallback HOLD: no candidate passed evidence, liquidity, freshness, and technical gates.",,"No trade signal. Review watchlist, sector movement, and warnings."
20260618T160309Z_HOLD_NONE,2026-06-18T16:03:09.363764+00:00,NO_ACTION,,HOLD,,0,0,0,LOW,,,,market_context=DELAYED; tradeable_price_tickers=180/190; mubasher_current_rows=179/190,0,"Local fallback HOLD: no candidate passed evidence, liquidity, freshness, and technical gates.",,"No trade signal. Review watchlist, sector movement, and warnings."
20260618T184249Z_HOLD_NONE,2026-06-18T18:42:49.185674+00:00,NO_ACTION,,HOLD,,0,0,0,LOW,,,,market_context=DELAYED; tradeable_price_tickers=180/190; mubasher_current_rows=179/190,0,"Local fallback HOLD: no candidate passed evidence, liquidity, freshness, and technical gates.",,"No trade signal. Review watchlist, sector movement, and warnings."
20260621T093251Z_BUY_HDBK.CA,2026-06-21T09:32:51.629643+00:00,PENDING_REVIEW,1,BUY,HDBK.CA,154.97,167.37,148.77,LOW,31.73,BULLISH_WATCH,94.12,market_context=DELAYED; tradeable_price_tickers=170/190; mubasher_current_rows=173/190,3,"WATCH/BUY SETUP: HDBK.CA has aligned current price data, liquidity above threshold, price above MA20/MA50, RSI 59.06, support 138.0, resistance 154.0, and evidence sources. Macro trend is Bullish; market regime is SELECTIVE_SMALL_MID_SWINGS; verify price action in Thndr before treating it as a swing entry.",,"Review the Telegram summary, verify in Thndr, and choose any position size manually."
20260621T093251Z_BUY_MASR.CA,2026-06-21T09:32:51.631034+00:00,PENDING_REVIEW,2,BUY,MASR.CA,7.59,8.19,7.29,LOW,28.18,BULLISH_WATCH,82.04,market_context=DELAYED; tradeable_price_tickers=170/190; mubasher_current_rows=173/190,3,"WATCH/BUY SETUP: MASR.CA has aligned current price data, liquidity above threshold, price above MA20/MA50, RSI 61.24, support 6.54, resistance 7.4, and evidence sources. Macro trend is Bullish; market regime is SELECTIVE_SMALL_MID_SWINGS; verify price action in Thndr before treating it as a swing entry.",,"Review the Telegram summary, verify in Thndr, and choose any position size manually."
20260621T093251Z_BUY_PHTV.CA,2026-06-21T09:32:51.632428+00:00,PENDING_REVIEW,3,BUY,PHTV.CA,227.3,245.48,218.21,LOW,28.02,CONSTRUCTIVE,69.04,market_context=DELAYED; tradeable_price_tickers=170/190; mubasher_current_rows=173/190,3,"WATCH/BUY SETUP: PHTV.CA has aligned current price data, liquidity above threshold, price above MA20/MA50, RSI 63.1, support 201.55, resistance 224.99, and evidence sources. Macro trend is Bullish; market regime is SELECTIVE_SMALL_MID_SWINGS; verify price action in Thndr before treating it as a swing entry.",,"Review the Telegram summary, verify in Thndr, and choose any position size manually."
20260621T100911Z_HOLD_NONE,2026-06-21T10:09:11.765552+00:00,NO_ACTION,,HOLD,,0,0,0,LOW,,,,market_context=DELAYED; tradeable_price_tickers=165/190; mubasher_current_rows=176/190,0,"Local fallback HOLD: no candidate passed evidence, liquidity, freshness, and technical gates.",,"No trade signal. Review watchlist, sector movement, and warnings."
20260621T111702Z_BUY_KWIN.CA,2026-06-21T11:17:02.896464+00:00,PENDING_REVIEW,1,BUY,KWIN.CA,74.04,79.96,71.08,LOW,31.04,BULLISH_WATCH,79.11,market_context=DELAYED; tradeable_price_tickers=164/190; mubasher_current_rows=179/190,3,"WATCH/BUY SETUP: KWIN.CA has aligned current price data, liquidity above threshold, price above MA20/MA50, RSI 62.26, support 69.0, resistance 77.0, and evidence sources. Macro trend is Bullish; market regime is SELECTIVE_SMALL_MID_SWINGS; verify price action in Thndr before treating it as a swing entry.",,"Review the Telegram summary, verify in Thndr, and choose any position size manually."
20260621T111702Z_BUY_MASR.CA,2026-06-21T11:17:02.898104+00:00,PENDING_REVIEW,2,BUY,MASR.CA,7.43,8.03,7.13,LOW,29.34,BULLISH_WATCH,89.11,market_context=DELAYED; tradeable_price_tickers=164/190; mubasher_current_rows=179/190,3,"WATCH/BUY SETUP: MASR.CA has aligned current price data, liquidity above threshold, price above MA20/MA50, RSI 61.24, support 6.54, resistance 7.4, and evidence sources. Macro trend is Bullish; market regime is SELECTIVE_SMALL_MID_SWINGS; verify price action in Thndr before treating it as a swing entry.",,"Review the Telegram summary, verify in Thndr, and choose any position size manually."
20260621T111702Z_BUY_MTIE.CA,2026-06-21T11:17:02.899777+00:00,PENDING_REVIEW,3,BUY,MTIE.CA,9.19,9.79,8.89,LOW,28.75,BULLISH_WATCH,97.87,market_context=DELAYED; tradeable_price_tickers=164/190; mubasher_current_rows=179/190,3,"WATCH/BUY SETUP: MTIE.CA has aligned current price data, liquidity above threshold, price above MA20/MA50, RSI 55.48, support 8.65, resistance 9.6, and evidence sources. Macro trend is Bullish; market regime is SELECTIVE_SMALL_MID_SWINGS; verify price action in Thndr before treating it as a swing entry.",,"Review the Telegram summary, verify in Thndr, and choose any position size manually."
20260621T144321Z_BUY_KWIN.CA,2026-06-21T14:43:21.122589+00:00,PENDING_REVIEW,1,BUY,KWIN.CA,74.61,80.57,71.63,LOW,30.99,BULLISH_WATCH,78.98,market_context=DELAYED; tradeable_price_tickers=162/190; mubasher_current_rows=181/190,3,"WATCH/BUY SETUP: KWIN.CA has aligned current price data, liquidity above threshold, price above MA20/MA50, RSI 62.26, support 69.0, resistance 77.0, and evidence sources. Macro trend is Bullish; market regime is SELECTIVE_SMALL_MID_SWINGS; verify price action in Thndr before treating it as a swing entry.",,"Review the Telegram summary, verify in Thndr, and choose any position size manually."
20260621T144321Z_BUY_MASR.CA,2026-06-21T14:43:21.124079+00:00,PENDING_REVIEW,2,BUY,MASR.CA,7.4,8.0,7.1,LOW,29.75,BULLISH_WATCH,88.98,market_context=DELAYED; tradeable_price_tickers=162/190; mubasher_current_rows=181/190,3,"WATCH/BUY SETUP: MASR.CA has aligned current price data, liquidity above threshold, price above MA20/MA50, RSI 61.24, support 6.54, resistance 7.4, and evidence sources. Macro trend is Bullish; market regime is SELECTIVE_SMALL_MID_SWINGS; verify price action in Thndr before treating it as a swing entry.",,"Review the Telegram summary, verify in Thndr, and choose any position size manually."
20260621T144321Z_BUY_MTIE.CA,2026-06-21T14:43:21.125618+00:00,PENDING_REVIEW,3,BUY,MTIE.CA,9.18,9.76,8.89,LOW,29.4,BULLISH_WATCH,98.0,market_context=DELAYED; tradeable_price_tickers=162/190; mubasher_current_rows=181/190,3,"WATCH/BUY SETUP: MTIE.CA has aligned current price data, liquidity above threshold, price above MA20/MA50, RSI 55.48, support 8.65, resistance 9.6, and evidence sources. Macro trend is Bullish; market regime is SELECTIVE_SMALL_MID_SWINGS; verify price action in Thndr before treating it as a swing entry.",,"Review the Telegram summary, verify in Thndr, and choose any position size manually."
20260621T180500Z_BUY_ATLC.CA,2026-06-21T18:05:00.846139+00:00,PENDING_REVIEW,1,BUY,ATLC.CA,5.3,5.72,5.09,LOW,33.4,BULLISH_WATCH,92.7,market_context=DELAYED; tradeable_price_tickers=162/190; mubasher_current_rows=181/190,3,"WATCH/BUY SETUP: ATLC.CA has aligned current price data, liquidity above threshold, price above MA20/MA50, RSI 64.86, support 4.7, resistance 5.27, and evidence sources. Macro trend is Bullish; market regime is SELECTIVE_SMALL_MID_SWINGS; verify price action in Thndr before treating it as a swing entry.",,"Review the Telegram summary, verify in Thndr, and choose any position size manually."
20260621T180500Z_BUY_KWIN.CA,2026-06-21T18:05:00.847489+00:00,PENDING_REVIEW,2,BUY,KWIN.CA,74.61,80.57,71.63,LOW,30.99,BULLISH_WATCH,78.98,market_context=DELAYED; tradeable_price_tickers=162/190; mubasher_current_rows=181/190,3,"WATCH/BUY SETUP: KWIN.CA has aligned current price data, liquidity above threshold, price above MA20/MA50, RSI 62.26, support 69.0, resistance 77.0, and evidence sources. Macro trend is Bullish; market regime is SELECTIVE_SMALL_MID_SWINGS; verify price action in Thndr before treating it as a swing entry.",,"Review the Telegram summary, verify in Thndr, and choose any position size manually."
20260621T180500Z_BUY_MASR.CA,2026-06-21T18:05:00.848866+00:00,PENDING_REVIEW,3,BUY,MASR.CA,7.4,8.0,7.1,LOW,29.75,BULLISH_WATCH,88.98,market_context=DELAYED; tradeable_price_tickers=162/190; mubasher_current_rows=181/190,3,"WATCH/BUY SETUP: MASR.CA has aligned current price data, liquidity above threshold, price above MA20/MA50, RSI 61.24, support 6.54, resistance 7.4, and evidence sources. Macro trend is Bullish; market regime is SELECTIVE_SMALL_MID_SWINGS; verify price action in Thndr before treating it as a swing entry.",,"Review the Telegram summary, verify in Thndr, and choose any position size manually."
20260622T112325Z_BUY_DOMT.CA,2026-06-22T11:23:25.427014+00:00,PENDING_REVIEW,1,BUY,DOMT.CA,26.45,28.57,25.39,LOW,33.4,BULLISH_WATCH,96.59,market_context=DELAYED; tradeable_price_tickers=179/190; mubasher_current_rows=177/190,3,"WATCH/BUY SETUP: DOMT.CA has aligned current price data, liquidity above threshold, price above MA20/MA50, RSI 58.59, support 23.7, resistance 26.3, and evidence sources. Macro trend is Bearish; market regime is SELECTIVE_SMALL_MID_SWINGS; verify price action in Thndr before treating it as a swing entry.",,"Review the Telegram summary, verify in Thndr, and choose any position size manually."
20260622T112325Z_BUY_CIEB.CA,2026-06-22T11:23:25.428703+00:00,PENDING_REVIEW,2,BUY,CIEB.CA,24.39,26.35,23.41,LOW,32.89,BULLISH_WATCH,94.72,market_context=DELAYED; tradeable_price_tickers=179/190; mubasher_current_rows=177/190,3,"WATCH/BUY SETUP: CIEB.CA has aligned current price data, liquidity above threshold, price above MA20/MA50, RSI 58.88, support 23.27, resistance 24.09, and evidence sources. Macro trend is Bearish; market regime is SELECTIVE_SMALL_MID_SWINGS; verify price action in Thndr before treating it as a swing entry.",,"Review the Telegram summary, verify in Thndr, and choose any position size manually."
20260622T112325Z_BUY_CNFN.CA,2026-06-22T11:23:25.430408+00:00,PENDING_REVIEW,3,BUY,CNFN.CA,4.72,5.1,4.53,LOW,31.96,BULLISH_WATCH,95,market_context=DELAYED; tradeable_price_tickers=179/190; mubasher_current_rows=177/190,3,"WATCH/BUY SETUP: CNFN.CA has aligned current price data, liquidity above threshold, price above MA20/MA50, RSI 63.55, support 4.36, resistance 4.88, and evidence sources. Macro trend is Bearish; market regime is SELECTIVE_SMALL_MID_SWINGS; verify price action in Thndr before treating it as a swing entry.",,"Review the Telegram summary, verify in Thndr, and choose any position size manually."
20260622T133633Z_HOLD_NONE,2026-06-22T13:36:33.076893+00:00,NO_ACTION,,HOLD,,0,0,0,LOW,,,,market_context=DELAYED; tradeable_price_tickers=179/190; mubasher_current_rows=177/190,0,"Local fallback HOLD: no candidate passed evidence, liquidity, freshness, and technical gates.",,"No trade signal. Review watchlist, sector movement, and warnings."
20260622T171949Z_BUY_DOMT.CA,2026-06-22T17:19:49.313980+00:00,PENDING_REVIEW,1,BUY,DOMT.CA,26.5,28.62,25.44,LOW,34.9,BULLISH_WATCH,96.71,market_context=DELAYED; tradeable_price_tickers=179/190; mubasher_current_rows=177/190,3,"WATCH/BUY SETUP: DOMT.CA has aligned current price data, liquidity above threshold, price above MA20/MA50, RSI 58.59, support 23.7, resistance 26.3, and evidence sources. Macro trend is Bearish; market regime is BROAD_RISK_ON; verify price action in Thndr before treating it as a swing entry.",,"Review the Telegram summary, verify in Thndr, and choose any position size manually."
20260622T171949Z_BUY_CIEB.CA,2026-06-22T17:19:49.315850+00:00,PENDING_REVIEW,2,BUY,CIEB.CA,24.38,26.34,23.4,LOW,34.42,BULLISH_WATCH,94.79,market_context=DELAYED; tradeable_price_tickers=179/190; mubasher_current_rows=177/190,3,"WATCH/BUY SETUP: CIEB.CA has aligned current price data, liquidity above threshold, price above MA20/MA50, RSI 58.88, support 23.27, resistance 24.09, and evidence sources. Macro trend is Bearish; market regime is BROAD_RISK_ON; verify price action in Thndr before treating it as a swing entry.",,"Review the Telegram summary, verify in Thndr, and choose any position size manually."
20260622T171949Z_BUY_CNFN.CA,2026-06-22T17:19:49.317599+00:00,PENDING_REVIEW,3,BUY,CNFN.CA,4.72,5.1,4.53,LOW,33.62,BULLISH_WATCH,95,market_context=DELAYED; tradeable_price_tickers=179/190; mubasher_current_rows=177/190,3,"WATCH/BUY SETUP: CNFN.CA has aligned current price data, liquidity above threshold, price above MA20/MA50, RSI 63.55, support 4.36, resistance 4.88, and evidence sources. Macro trend is Bearish; market regime is BROAD_RISK_ON; verify price action in Thndr before treating it as a swing entry.",,"Review the Telegram summary, verify in Thndr, and choose any position size manually."
20260622T195716Z_BUY_DOMT.CA,2026-06-22T19:57:16.081463+00:00,PENDING_REVIEW,1,BUY,DOMT.CA,26.5,28.62,25.44,LOW,34.9,BULLISH_WATCH,96.71,market_context=DELAYED; tradeable_price_tickers=179/190; mubasher_current_rows=177/190,3,"WATCH/BUY SETUP: DOMT.CA has aligned current price data, liquidity above threshold, price above MA20/MA50, RSI 58.59, support 23.7, resistance 26.3, and evidence sources. Macro trend is Bearish; market regime is BROAD_RISK_ON; verify price action in Thndr before treating it as a swing entry.",,"Review the Telegram summary, verify in Thndr, and choose any position size manually."
20260622T195716Z_BUY_CIEB.CA,2026-06-22T19:57:16.083130+00:00,PENDING_REVIEW,2,BUY,CIEB.CA,24.38,26.34,23.4,LOW,34.42,BULLISH_WATCH,94.79,market_context=DELAYED; tradeable_price_tickers=179/190; mubasher_current_rows=177/190,3,"WATCH/BUY SETUP: CIEB.CA has aligned current price data, liquidity above threshold, price above MA20/MA50, RSI 58.88, support 23.27, resistance 24.09, and evidence sources. Macro trend is Bearish; market regime is BROAD_RISK_ON; verify price action in Thndr before treating it as a swing entry.",,"Review the Telegram summary, verify in Thndr, and choose any position size manually."
20260622T195716Z_BUY_CNFN.CA,2026-06-22T19:57:16.084805+00:00,PENDING_REVIEW,3,BUY,CNFN.CA,4.72,5.1,4.53,LOW,33.62,BULLISH_WATCH,95,market_context=DELAYED; tradeable_price_tickers=179/190; mubasher_current_rows=177/190,3,"WATCH/BUY SETUP: CNFN.CA has aligned current price data, liquidity above threshold, price above MA20/MA50, RSI 63.55, support 4.36, resistance 4.88, and evidence sources. Macro trend is Bearish; market regime is BROAD_RISK_ON; verify price action in Thndr before treating it as a swing entry.",,"Review the Telegram summary, verify in Thndr, and choose any position size manually."
20260623T084829Z_HOLD_NONE,2026-06-23T08:48:29.302585+00:00,NO_ACTION,,HOLD,,0,0,0,LOW,,,,market_context=DELAYED; tradeable_price_tickers=173/190; mubasher_current_rows=167/190,0,"Local fallback HOLD: no candidate passed evidence, liquidity, freshness, and technical gates.",,"No trade signal. Review watchlist, sector movement, and warnings."
20260623T100337Z_HOLD_NONE,2026-06-23T10:03:37.142910+00:00,NO_ACTION,,HOLD,,0,0,0,LOW,,,,market_context=DELAYED; tradeable_price_tickers=169/190; mubasher_current_rows=176/190,0,"Local fallback HOLD: no candidate passed evidence, liquidity, freshness, and technical gates.",,"No trade signal. Review watchlist, sector movement, and warnings."
20260623T110226Z_HOLD_NONE,2026-06-23T11:02:26.904397+00:00,NO_ACTION,,HOLD,,0,0,0,LOW,,,,market_context=DELAYED; tradeable_price_tickers=170/190; mubasher_current_rows=178/190,0,"Local scanner HOLD: EGX30/EGX70 regime and sector breadth are defensive, so no new BUY is allowed.",,"No trade signal. Review watchlist, sector movement, and warnings."
20260623T153347Z_HOLD_NONE,2026-06-23T15:33:47.960597+00:00,NO_ACTION,,HOLD,,0,0,0,LOW,,,,market_context=DELAYED; tradeable_price_tickers=165/190; mubasher_current_rows=180/190,0,"Local scanner HOLD: EGX30/EGX70 regime and sector breadth are defensive, so no new BUY is allowed.",,"No trade signal. Review watchlist, sector movement, and warnings."
20260623T182544Z_HOLD_NONE,2026-06-23T18:25:44.959300+00:00,NO_ACTION,,HOLD,,0,0,0,LOW,,,,market_context=DELAYED; tradeable_price_tickers=165/190; mubasher_current_rows=180/190,0,"Local scanner HOLD: EGX30/EGX70 regime and sector breadth are defensive, so no new BUY is allowed.",,"No trade signal. Review watchlist, sector movement, and warnings."
20260624T084550Z_BUY_OCDI.CA,2026-06-24T08:45:50.911658+00:00,PENDING_REVIEW,1,BUY,OCDI.CA,23.64,25.54,22.69,LOW,32.84,BULLISH_WATCH,93.61,market_context=DELAYED; tradeable_price_tickers=186/190; mubasher_current_rows=163/190,3,"WATCH/BUY SETUP: OCDI.CA has aligned current price data, liquidity above threshold, price above MA20/MA50, RSI 60.98, support 20.0, resistance 23.19, and evidence sources. Macro trend is Bearish; market regime is SELECTIVE_SWING_TRADES_ONLY; verify price action in Thndr before treating it as a swing entry.",,"Review the Telegram summary, verify in Thndr, and choose any position size manually."
20260624T084550Z_BUY_CLHO.CA,2026-06-24T08:45:50.912918+00:00,PENDING_REVIEW,2,BUY,CLHO.CA,16.06,17.34,15.42,LOW,29.4,BULLISH_WATCH,94.83,market_context=DELAYED; tradeable_price_tickers=186/190; mubasher_current_rows=163/190,3,"WATCH/BUY SETUP: CLHO.CA has aligned current price data, liquidity above threshold, price above MA20/MA50, RSI 53.85, support 14.25, resistance 17.0, and evidence sources. Macro trend is Bearish; market regime is SELECTIVE_SWING_TRADES_ONLY; verify price action in Thndr before treating it as a swing entry.",,"Review the Telegram summary, verify in Thndr, and choose any position size manually."
20260624T084550Z_BUY_ZMID.CA,2026-06-24T08:45:50.914172+00:00,PENDING_REVIEW,3,BUY,ZMID.CA,6.6,7.12,6.34,LOW,28.62,BULLISH_WATCH,73.61,market_context=DELAYED; tradeable_price_tickers=186/190; mubasher_current_rows=163/190,3,"WATCH/BUY SETUP: ZMID.CA has aligned current price data, liquidity above threshold, price above MA20/MA50, RSI 64.96, support 5.82, resistance 6.55, and evidence sources. Macro trend is Bearish; market regime is SELECTIVE_SWING_TRADES_ONLY; verify price action in Thndr before treating it as a swing entry.",,"Review the Telegram summary, verify in Thndr, and choose any position size manually."
20260624T100505Z_HOLD_NONE,2026-06-24T10:05:05.860388+00:00,NO_ACTION,,HOLD,,0,0,0,LOW,,,,market_context=MISSING; tradeable_price_tickers=188/190; mubasher_current_rows=138/190,0,"Local fallback HOLD: macro source is missing, so no new BUY is allowed.",,"No trade signal. Review watchlist, sector movement, and warnings."
20260624T104827Z_BUY_GIHD.CA,2026-06-24T10:48:27.835912+00:00,PENDING_REVIEW,1,BUY,GIHD.CA,44.75,48.33,42.96,LOW,32.56,BULLISH_WATCH,89.89,market_context=DELAYED; tradeable_price_tickers=185/190; mubasher_current_rows=175/190,3,"BUY SETUP: GIHD.CA has aligned current price data, liquidity above threshold, price above MA20/MA50, RSI 61.04, support 35.15, resistance 47.0, and evidence sources. Macro trend is Bullish; market regime is SELECTIVE_SWING_TRADES_ONLY; verify price action in Thndr before treating it as a swing entry.",,"Review the Telegram summary, verify in Thndr, and choose any position size manually."
20260624T104827Z_BUY_CLHO.CA,2026-06-24T10:48:27.837454+00:00,PENDING_REVIEW,2,BUY,CLHO.CA,16.54,17.86,15.88,LOW,30.88,BULLISH_WATCH,96.14,market_context=DELAYED; tradeable_price_tickers=185/190; mubasher_current_rows=175/190,3,"BUY SETUP: CLHO.CA has aligned current price data, liquidity above threshold, price above MA20/MA50, RSI 53.85, support 14.25, resistance 17.0, and evidence sources. Macro trend is Bullish; market regime is SELECTIVE_SWING_TRADES_ONLY; verify price action in Thndr before treating it as a swing entry.",,"Review the Telegram summary, verify in Thndr, and choose any position size manually."
20260624T104827Z_BUY_ZMID.CA,2026-06-24T10:48:27.838959+00:00,PENDING_REVIEW,3,BUY,ZMID.CA,6.6,7.12,6.34,LOW,29.98,BULLISH_WATCH,80.66,market_context=DELAYED; tradeable_price_tickers=185/190; mubasher_current_rows=175/190,3,"BUY SETUP: ZMID.CA has aligned current price data, liquidity above threshold, price above MA20/MA50, RSI 64.96, support 5.82, resistance 6.55, and evidence sources. Macro trend is Bullish; market regime is SELECTIVE_SWING_TRADES_ONLY; verify price action in Thndr before treating it as a swing entry.",,"Review the Telegram summary, verify in Thndr, and choose any position size manually."
20260624T152023Z_HOLD_NONE,2026-06-24T15:20:23.180414+00:00,NO_ACTION,,HOLD,,0,0,0,LOW,,,,market_context=DELAYED; tradeable_price_tickers=184/190; mubasher_current_rows=175/190,0,"Local fallback HOLD: no candidate passed evidence, liquidity, freshness, and technical gates.",,"No trade signal. Review watchlist, sector movement, and warnings."
20260624T181957Z_BUY_GIHD.CA,2026-06-24T18:19:57.772667+00:00,PENDING_REVIEW,1,BUY,GIHD.CA,44.42,47.98,42.64,LOW,32.61,BULLISH_WATCH,90.02,market_context=DELAYED; tradeable_price_tickers=184/190; mubasher_current_rows=175/190,3,"WATCH/BUY SETUP: GIHD.CA has aligned current price data, liquidity above threshold, price above MA20/MA50, RSI 61.04, support 35.15, resistance 47.0, and evidence sources. Macro trend is Bearish; market regime is SELECTIVE_SWING_TRADES_ONLY; verify price action in Thndr before treating it as a swing entry.",,"Review the Telegram summary, verify in Thndr, and choose any position size manually."
20260624T181957Z_BUY_POUL.CA,2026-06-24T18:19:57.774147+00:00,PENDING_REVIEW,2,BUY,POUL.CA,39.75,42.93,38.16,LOW,31.72,BULLISH_WATCH,94.09,market_context=DELAYED; tradeable_price_tickers=184/190; mubasher_current_rows=175/190,3,"WATCH/BUY SETUP: POUL.CA has aligned current price data, liquidity above threshold, price above MA20/MA50, RSI 61.33, support 34.99, resistance 39.5, and evidence sources. Macro trend is Bearish; market regime is SELECTIVE_SWING_TRADES_ONLY; verify price action in Thndr before treating it as a swing entry.",,"Review the Telegram summary, verify in Thndr, and choose any position size manually."
20260624T181957Z_BUY_ZMID.CA,2026-06-24T18:19:57.775631+00:00,PENDING_REVIEW,3,BUY,ZMID.CA,6.58,7.1,6.32,LOW,30.41,BULLISH_WATCH,80.37,market_context=DELAYED; tradeable_price_tickers=184/190; mubasher_current_rows=175/190,3,"WATCH/BUY SETUP: ZMID.CA has aligned current price data, liquidity above threshold, price above MA20/MA50, RSI 64.96, support 5.82, resistance 6.55, and evidence sources. Macro trend is Bearish; market regime is SELECTIVE_SWING_TRADES_ONLY; verify price action in Thndr before treating it as a swing entry.",,"Review the Telegram summary, verify in Thndr, and choose any position size manually."
20260625T094728Z_HOLD_NONE,2026-06-25T09:47:28.375842+00:00,NO_ACTION,,HOLD,,0,0,0,LOW,,,,market_context=DELAYED; tradeable_price_tickers=185/190; mubasher_current_rows=172/190,0,"Local fallback HOLD: no candidate passed evidence, liquidity, freshness, and technical gates.",,"No trade signal. Review watchlist, sector movement, and warnings."
20260625T104107Z_HOLD_NONE,2026-06-25T10:41:07.412091+00:00,NO_ACTION,,HOLD,,0,0,0,LOW,,,,market_context=DELAYED; tradeable_price_tickers=185/190; mubasher_current_rows=178/190,0,"Local scanner HOLD: EGX30/EGX70 regime and sector breadth are defensive, so no new BUY is allowed.",,"No trade signal. Review watchlist, sector movement, and warnings."
20260625T152509Z_HOLD_NONE,2026-06-25T15:25:09.343513+00:00,NO_ACTION,,HOLD,,0,0,0,LOW,,,,market_context=DELAYED; tradeable_price_tickers=180/190; mubasher_current_rows=180/190,0,"Local scanner HOLD: EGX30/EGX70 regime and sector breadth are defensive, so no new BUY is allowed.",,"No trade signal. Review watchlist, sector movement, and warnings."
20260625T183257Z_HOLD_NONE,2026-06-25T18:32:57.586533+00:00,NO_ACTION,,HOLD,,0,0,0,LOW,,,,market_context=DELAYED; tradeable_price_tickers=180/190; mubasher_current_rows=180/190,0,"Local scanner HOLD: EGX30/EGX70 regime and sector breadth are defensive, so no new BUY is allowed.",,"No trade signal. Review watchlist, sector movement, and warnings."
20260628T083837Z_HOLD_NONE,2026-06-28T08:38:37.140453+00:00,NO_ACTION,,HOLD,,0,0,0,LOW,,,,market_context=DELAYED; tradeable_price_tickers=188/190; mubasher_current_rows=161/190,0,"Local scanner HOLD: EGX30/EGX70 regime and sector breadth are defensive, so no new BUY is allowed.",,"No trade signal. Review watchlist, sector movement, and warnings."
20260628T093415Z_HOLD_NONE,2026-06-28T09:34:15.842325+00:00,NO_ACTION,,HOLD,,0,0,0,LOW,,,,market_context=DELAYED; tradeable_price_tickers=186/190; mubasher_current_rows=171/190,0,"Local scanner HOLD: EGX30/EGX70 regime and sector breadth are defensive, so no new BUY is allowed.",,"No trade signal. Review watchlist, sector movement, and warnings."
20260628T102656Z_HOLD_NONE,2026-06-28T10:26:56.121435+00:00,NO_ACTION,,HOLD,,0,0,0,LOW,,,,market_context=DELAYED; tradeable_price_tickers=185/190; mubasher_current_rows=176/190,0,"Local scanner HOLD: EGX30/EGX70 regime and sector breadth are defensive, so no new BUY is allowed.",,"No trade signal. Review watchlist, sector movement, and warnings."
20260628T142344Z_HOLD_NONE,2026-06-28T14:23:44.929523+00:00,NO_ACTION,,HOLD,,0,0,0,LOW,,,,market_context=DELAYED; tradeable_price_tickers=172/190; mubasher_current_rows=182/190,0,"Local scanner HOLD: EGX30/EGX70 regime and sector breadth are defensive, so no new BUY is allowed.",,"No trade signal. Review watchlist, sector movement, and warnings."
20260628T174558Z_HOLD_NONE,2026-06-28T17:45:58.670922+00:00,NO_ACTION,,HOLD,,0,0,0,LOW,,,,market_context=DELAYED; tradeable_price_tickers=172/190; mubasher_current_rows=182/190,0,"Local scanner HOLD: EGX30/EGX70 regime and sector breadth are defensive, so no new BUY is allowed.",,"No trade signal. Review watchlist, sector movement, and warnings."
20260629T101546Z_HOLD_NONE,2026-06-29T10:15:46.448581+00:00,NO_ACTION,,HOLD,,0,0,0,LOW,,,,market_context=DELAYED; tradeable_price_tickers=182/190; mubasher_current_rows=173/190,0,"Local scanner HOLD: EGX30/EGX70 regime and sector breadth are defensive, so no new BUY is allowed.",,"No trade signal. Review watchlist, sector movement, and warnings."
20260629T112607Z_HOLD_NONE,2026-06-29T11:26:07.731437+00:00,NO_ACTION,,HOLD,,0,0,0,LOW,,,,market_context=DELAYED; tradeable_price_tickers=179/190; mubasher_current_rows=177/190,0,"Local scanner HOLD: EGX30/EGX70 regime and sector breadth are defensive, so no new BUY is allowed.",,"No trade signal. Review watchlist, sector movement, and warnings."
20260629T123009Z_HOLD_NONE,2026-06-29T12:30:09.313679+00:00,NO_ACTION,,HOLD,,0,0,0,LOW,,,,market_context=DELAYED; tradeable_price_tickers=180/190; mubasher_current_rows=178/190,0,"Local scanner HOLD: EGX30/EGX70 regime and sector breadth are defensive, so no new BUY is allowed.",,"No trade signal. Review watchlist, sector movement, and warnings."
20260629T161915Z_HOLD_NONE,2026-06-29T16:19:15.431867+00:00,NO_ACTION,,HOLD,,0,0,0,LOW,,,,market_context=DELAYED; tradeable_price_tickers=180/190; mubasher_current_rows=178/190,0,"Local scanner HOLD: EGX30/EGX70 regime and sector breadth are defensive, so no new BUY is allowed.",,"No trade signal. Review watchlist, sector movement, and warnings."
20260629T183107Z_HOLD_NONE,2026-06-29T18:31:07.416908+00:00,NO_ACTION,,HOLD,,0,0,0,LOW,,,,market_context=DELAYED; tradeable_price_tickers=180/190; mubasher_current_rows=178/190,0,"Local scanner HOLD: EGX30/EGX70 regime and sector breadth are defensive, so no new BUY is allowed.",,"No trade signal. Review watchlist, sector movement, and warnings."
20260630T085123Z_HOLD_NONE,2026-06-30T08:51:23.796735+00:00,NO_ACTION,,HOLD,,0,0,0,LOW,,,,market_context=DELAYED; tradeable_price_tickers=183/190; mubasher_current_rows=167/190,0,"Local scanner HOLD: EGX30/EGX70 regime and sector breadth are defensive, so no new BUY is allowed.",,"No trade signal. Review watchlist, sector movement, and warnings."
20260630T100318Z_HOLD_NONE,2026-06-30T10:03:18.449773+00:00,NO_ACTION,,HOLD,,0,0,0,LOW,,,,market_context=DELAYED; tradeable_price_tickers=181/190; mubasher_current_rows=177/190,0,"Local scanner HOLD: EGX30/EGX70 regime and sector breadth are defensive, so no new BUY is allowed.",,"No trade signal. Review watchlist, sector movement, and warnings."
20260630T105729Z_HOLD_NONE,2026-06-30T10:57:29.740153+00:00,NO_ACTION,,HOLD,,0,0,0,LOW,,,,market_context=DELAYED; tradeable_price_tickers=182/190; mubasher_current_rows=180/190,0,"Local scanner HOLD: EGX30/EGX70 regime and sector breadth are defensive, so no new BUY is allowed.",,"No trade signal. Review watchlist, sector movement, and warnings."
20260630T150912Z_HOLD_NONE,2026-06-30T15:09:12.709130+00:00,NO_ACTION,,HOLD,,0,0,0,LOW,,,,market_context=DELAYED; tradeable_price_tickers=174/190; mubasher_current_rows=180/190,0,"Local scanner HOLD: EGX30/EGX70 regime and sector breadth are defensive, so no new BUY is allowed.",,"No trade signal. Review watchlist, sector movement, and warnings."
20260630T182157Z_HOLD_NONE,2026-06-30T18:21:57.487708+00:00,NO_ACTION,,HOLD,,0,0,0,LOW,,,,market_context=DELAYED; tradeable_price_tickers=175/190; mubasher_current_rows=180/190,0,"Local scanner HOLD: EGX30/EGX70 regime and sector breadth are defensive, so no new BUY is allowed.",,"No trade signal. Review watchlist, sector movement, and warnings."
20260701T090422Z_HOLD_NONE,2026-07-01T09:04:22.163061+00:00,NO_ACTION,,HOLD,,0,0,0,LOW,,,,market_context=DELAYED; tradeable_price_tickers=183/190; mubasher_current_rows=165/190,0,"Local scanner HOLD: EGX30/EGX70 regime and sector breadth are defensive, so no new BUY is allowed.",,"No trade signal. Review watchlist, sector movement, and warnings."
20260701T101414Z_HOLD_NONE,2026-07-01T10:14:14.690627+00:00,NO_ACTION,,HOLD,,0,0,0,LOW,,,,market_context=DELAYED; tradeable_price_tickers=180/190; mubasher_current_rows=170/190,0,"Local scanner HOLD: EGX30/EGX70 regime and sector breadth are defensive, so no new BUY is allowed.",,"No trade signal. Review watchlist, sector movement, and warnings."
20260701T112232Z_HOLD_NONE,2026-07-01T11:22:32.760818+00:00,NO_ACTION,,HOLD,,0,0,0,LOW,,,,market_context=DELAYED; tradeable_price_tickers=177/190; mubasher_current_rows=178/190,0,"Local scanner HOLD: EGX30/EGX70 regime and sector breadth are defensive, so no new BUY is allowed.",,"No trade signal. Review watchlist, sector movement, and warnings."
20260701T151959Z_HOLD_NONE,2026-07-01T15:19:59.281685+00:00,NO_ACTION,,HOLD,,0,0,0,LOW,,,,market_context=DELAYED; tradeable_price_tickers=177/190; mubasher_current_rows=180/190,0,"Local scanner HOLD: EGX30/EGX70 regime and sector breadth are defensive, so no new BUY is allowed.",,"No trade signal. Review watchlist, sector movement, and warnings."
20260701T182931Z_HOLD_NONE,2026-07-01T18:29:31.702857+00:00,NO_ACTION,,HOLD,,0,0,0,LOW,,,,market_context=MISSING; tradeable_price_tickers=178/190; mubasher_current_rows=140/190,0,"Local scanner HOLD: EGX30/EGX70 regime and sector breadth are defensive, so no new BUY is allowed.",,"No trade signal. Review watchlist, sector movement, and warnings."
20260702T083604Z_BUY_SCTS.CA,2026-07-02T08:36:04.930699+00:00,PENDING_REVIEW,1,BUY,SCTS.CA,626.62,676.74,601.56,LOW,34.32,BULLISH_WATCH,100,market_context=DELAYED; tradeable_price_tickers=188/190; mubasher_current_rows=180/190,3,"WATCH/BUY SETUP: SCTS.CA has aligned current price data, liquidity above threshold, price above MA20/MA50, RSI 61.59, support 540.0, resistance 649.0, and evidence sources. Macro trend is Bullish; market regime is SELECTIVE_SMALL_MID_SWINGS; verify price action in Thndr before treating it as a swing entry.",,"Review the Telegram summary, verify in Thndr, and choose any position size manually."
20260702T083604Z_BUY_NHPS.CA,2026-07-02T08:36:04.932973+00:00,PENDING_REVIEW,2,BUY,NHPS.CA,68.0,75.11,65.28,LOW,32.61,BULLISH_WATCH,92.02,market_context=DELAYED; tradeable_price_tickers=188/190; mubasher_current_rows=180/190,3,"WATCH/BUY SETUP: NHPS.CA has aligned current price data, liquidity above threshold, price above MA20/MA50, RSI 63.93, support 61.55, resistance 75.49, and evidence sources. Macro trend is Bullish; market regime is SELECTIVE_SMALL_MID_SWINGS; verify price action in Thndr before treating it as a swing entry.",,"Review the Telegram summary, verify in Thndr, and choose any position size manually."
20260702T083604Z_BUY_AXPH.CA,2026-07-02T08:36:04.935188+00:00,PENDING_REVIEW,3,BUY,AXPH.CA,1212.35,1336.19,1163.86,LOW,30.61,BULLISH_WATCH,86.02,market_context=DELAYED; tradeable_price_tickers=188/190; mubasher_current_rows=180/190,3,"WATCH/BUY SETUP: AXPH.CA has aligned current price data, liquidity above threshold, price above MA20/MA50, RSI 67.81, support 1073.0, resistance 1342.9, and evidence sources. Macro trend is Bullish; market regime is SELECTIVE_SMALL_MID_SWINGS; verify price action in Thndr before treating it as a swing entry.",,"Review the Telegram summary, verify in Thndr, and choose any position size manually."
20260702T093429Z_BUY_SCTS.CA,2026-07-02T09:34:29.844112+00:00,PENDING_REVIEW,1,BUY,SCTS.CA,626.62,676.74,601.56,LOW,34.32,BULLISH_WATCH,100,market_context=DELAYED; tradeable_price_tickers=188/190; mubasher_current_rows=180/190,3,"WATCH/BUY SETUP: SCTS.CA has aligned current price data, liquidity above threshold, price above MA20/MA50, RSI 61.59, support 540.0, resistance 649.0, and evidence sources. Macro trend is Bullish; market regime is SELECTIVE_SMALL_MID_SWINGS; verify price action in Thndr before treating it as a swing entry.",,"Review the Telegram summary, verify in Thndr, and choose any position size manually."
20260702T093429Z_BUY_LCSW.CA,2026-07-02T09:34:29.846434+00:00,PENDING_REVIEW,2,BUY,LCSW.CA,28.25,31.17,27.12,LOW,29.68,BULLISH_WATCH,91.66,market_context=DELAYED; tradeable_price_tickers=188/190; mubasher_current_rows=180/190,3,"WATCH/BUY SETUP: LCSW.CA has aligned current price data, liquidity above threshold, price above MA20/MA50, RSI 61.9, support 26.0, resistance 31.33, and evidence sources. Macro trend is Bullish; market regime is SELECTIVE_SMALL_MID_SWINGS; verify price action in Thndr before treating it as a swing entry.",,"Review the Telegram summary, verify in Thndr, and choose any position size manually."
20260702T093429Z_BUY_AMES.CA,2026-07-02T09:34:29.848743+00:00,PENDING_REVIEW,3,BUY,AMES.CA,60.51,69.15,58.09,LOW,28.61,BULLISH_WATCH,74.02,market_context=DELAYED; tradeable_price_tickers=188/190; mubasher_current_rows=180/190,3,"WATCH/BUY SETUP: AMES.CA has aligned current price data, liquidity above threshold, price above MA20/MA50, RSI 69.19, support 45.15, resistance 69.5, and evidence sources. Macro trend is Bullish; market regime is SELECTIVE_SMALL_MID_SWINGS; verify price action in Thndr before treating it as a swing entry.",,"Review the Telegram summary, verify in Thndr, and choose any position size manually."
20260702T103556Z_BUY_SCTS.CA,2026-07-02T10:35:56.519124+00:00,PENDING_REVIEW,1,BUY,SCTS.CA,626.62,676.74,601.56,LOW,34.32,BULLISH_WATCH,100,market_context=DELAYED; tradeable_price_tickers=188/190; mubasher_current_rows=180/190,3,"WATCH/BUY SETUP: SCTS.CA has aligned current price data, liquidity above threshold, price above MA20/MA50, RSI 61.59, support 540.0, resistance 649.0, and evidence sources. Macro trend is Bullish; market regime is SELECTIVE_SMALL_MID_SWINGS; verify price action in Thndr before treating it as a swing entry.",,"Review the Telegram summary, verify in Thndr, and choose any position size manually."
20260702T103556Z_BUY_AXPH.CA,2026-07-02T10:35:56.521286+00:00,PENDING_REVIEW,2,BUY,AXPH.CA,1212.35,1336.19,1163.86,LOW,30.61,BULLISH_WATCH,86.02,market_context=DELAYED; tradeable_price_tickers=188/190; mubasher_current_rows=180/190,3,"WATCH/BUY SETUP: AXPH.CA has aligned current price data, liquidity above threshold, price above MA20/MA50, RSI 67.81, support 1073.0, resistance 1342.9, and evidence sources. Macro trend is Bullish; market regime is SELECTIVE_SMALL_MID_SWINGS; verify price action in Thndr before treating it as a swing entry.",,"Review the Telegram summary, verify in Thndr, and choose any position size manually."
20260702T103556Z_BUY_LCSW.CA,2026-07-02T10:35:56.523399+00:00,PENDING_REVIEW,3,BUY,LCSW.CA,28.25,31.17,27.12,LOW,29.68,BULLISH_WATCH,91.66,market_context=DELAYED; tradeable_price_tickers=188/190; mubasher_current_rows=180/190,3,"WATCH/BUY SETUP: LCSW.CA has aligned current price data, liquidity above threshold, price above MA20/MA50, RSI 61.9, support 26.0, resistance 31.33, and evidence sources. Macro trend is Bullish; market regime is SELECTIVE_SMALL_MID_SWINGS; verify price action in Thndr before treating it as a swing entry.",,"Review the Telegram summary, verify in Thndr, and choose any position size manually."
20260702T143841Z_BUY_SCTS.CA,2026-07-02T14:38:41.248431+00:00,PENDING_REVIEW,1,BUY,SCTS.CA,626.62,676.74,601.56,LOW,34.32,BULLISH_WATCH,100,market_context=DELAYED; tradeable_price_tickers=188/190; mubasher_current_rows=180/190,3,"WATCH/BUY SETUP: SCTS.CA has aligned current price data, liquidity above threshold, price above MA20/MA50, RSI 61.59, support 540.0, resistance 649.0, and evidence sources. Macro trend is Bullish; market regime is SELECTIVE_SMALL_MID_SWINGS; verify price action in Thndr before treating it as a swing entry.",,"Review the Telegram summary, verify in Thndr, and choose any position size manually."
20260702T143841Z_BUY_AXPH.CA,2026-07-02T14:38:41.250711+00:00,PENDING_REVIEW,2,BUY,AXPH.CA,1212.35,1336.19,1163.86,LOW,30.61,BULLISH_WATCH,86.02,market_context=DELAYED; tradeable_price_tickers=188/190; mubasher_current_rows=180/190,3,"WATCH/BUY SETUP: AXPH.CA has aligned current price data, liquidity above threshold, price above MA20/MA50, RSI 67.81, support 1073.0, resistance 1342.9, and evidence sources. Macro trend is Bullish; market regime is SELECTIVE_SMALL_MID_SWINGS; verify price action in Thndr before treating it as a swing entry.",,"Review the Telegram summary, verify in Thndr, and choose any position size manually."
20260702T143841Z_BUY_LCSW.CA,2026-07-02T14:38:41.252939+00:00,PENDING_REVIEW,3,BUY,LCSW.CA,28.25,31.17,27.12,LOW,29.68,BULLISH_WATCH,91.66,market_context=DELAYED; tradeable_price_tickers=188/190; mubasher_current_rows=180/190,3,"WATCH/BUY SETUP: LCSW.CA has aligned current price data, liquidity above threshold, price above MA20/MA50, RSI 61.9, support 26.0, resistance 31.33, and evidence sources. Macro trend is Bullish; market regime is SELECTIVE_SMALL_MID_SWINGS; verify price action in Thndr before treating it as a swing entry.",,"Review the Telegram summary, verify in Thndr, and choose any position size manually."
20260702T181323Z_BUY_SCTS.CA,2026-07-02T18:13:23.781736+00:00,PENDING_REVIEW,1,BUY,SCTS.CA,626.62,676.74,601.56,LOW,34.32,BULLISH_WATCH,100,market_context=DELAYED; tradeable_price_tickers=188/190; mubasher_current_rows=180/190,3,"WATCH/BUY SETUP: SCTS.CA has aligned current price data, liquidity above threshold, price above MA20/MA50, RSI 61.59, support 540.0, resistance 649.0, and evidence sources. Macro trend is Bullish; market regime is SELECTIVE_SMALL_MID_SWINGS; verify price action in Thndr before treating it as a swing entry.",,"Review the Telegram summary, verify in Thndr, and choose any position size manually."
20260702T181323Z_BUY_AXPH.CA,2026-07-02T18:13:23.784014+00:00,PENDING_REVIEW,2,BUY,AXPH.CA,1212.35,1336.19,1163.86,LOW,30.61,BULLISH_WATCH,86.02,market_context=DELAYED; tradeable_price_tickers=188/190; mubasher_current_rows=180/190,3,"WATCH/BUY SETUP: AXPH.CA has aligned current price data, liquidity above threshold, price above MA20/MA50, RSI 67.81, support 1073.0, resistance 1342.9, and evidence sources. Macro trend is Bullish; market regime is SELECTIVE_SMALL_MID_SWINGS; verify price action in Thndr before treating it as a swing entry.",,"Review the Telegram summary, verify in Thndr, and choose any position size manually."
20260702T181323Z_BUY_LCSW.CA,2026-07-02T18:13:23.786260+00:00,PENDING_REVIEW,3,BUY,LCSW.CA,28.25,31.17,27.12,LOW,29.68,BULLISH_WATCH,91.66,market_context=DELAYED; tradeable_price_tickers=188/190; mubasher_current_rows=180/190,3,"WATCH/BUY SETUP: LCSW.CA has aligned current price data, liquidity above threshold, price above MA20/MA50, RSI 61.9, support 26.0, resistance 31.33, and evidence sources. Macro trend is Bullish; market regime is SELECTIVE_SMALL_MID_SWINGS; verify price action in Thndr before treating it as a swing entry.",,"Review the Telegram summary, verify in Thndr, and choose any position size manually."
20260705T083359Z_BUY_NHPS.CA,2026-07-05T08:33:59.363191+00:00,PENDING_REVIEW,1,BUY,NHPS.CA,68.09,75.11,65.37,LOW,26.65,BULLISH_WATCH,79.73,market_context=DELAYED; tradeable_price_tickers=183/190; mubasher_current_rows=170/190,3,"WATCH/BUY SETUP: NHPS.CA has aligned current price data, liquidity above threshold, price above MA20/MA50, RSI 63.93, support 61.55, resistance 75.49, and evidence sources. Macro trend is Bullish; market regime is SELECTIVE_SMALL_MID_SWINGS; verify price action in Thndr before treating it as a swing entry.",,"Review the Telegram summary, verify in Thndr, and choose any position size manually."
20260705T083359Z_BUY_EEII.CA,2026-07-05T08:33:59.365511+00:00,PENDING_REVIEW,2,BUY,EEII.CA,2.6,2.8,2.5,LOW,25.59,BULLISH_WATCH,71.73,market_context=DELAYED; tradeable_price_tickers=183/190; mubasher_current_rows=170/190,3,"WATCH/BUY SETUP: EEII.CA has aligned current price data, liquidity above threshold, price above MA20/MA50, RSI 66.04, support 2.3, resistance 2.55, and evidence sources. Macro trend is Bullish; market regime is SELECTIVE_SMALL_MID_SWINGS; verify price action in Thndr before treating it as a swing entry.",,"Review the Telegram summary, verify in Thndr, and choose any position size manually."
20260705T083359Z_BUY_LCSW.CA,2026-07-05T08:33:59.367809+00:00,PENDING_REVIEW,3,BUY,LCSW.CA,28.6,31.17,27.46,LOW,25.29,BULLISH_WATCH,74.22,market_context=DELAYED; tradeable_price_tickers=183/190; mubasher_current_rows=170/190,3,"WATCH/BUY SETUP: LCSW.CA has aligned current price data, liquidity above threshold, price above MA20/MA50, RSI 61.9, support 26.0, resistance 31.33, and evidence sources. Macro trend is Bullish; market regime is SELECTIVE_SMALL_MID_SWINGS; verify price action in Thndr before treating it as a swing entry.",,"Review the Telegram summary, verify in Thndr, and choose any position size manually."
20260705T092441Z_BUY_RAYA.CA,2026-07-05T09:24:41.106418+00:00,PENDING_REVIEW,1,BUY,RAYA.CA,7.88,8.52,7.56,LOW,26.66,BULLISH_WATCH,80.93,market_context=DELAYED; tradeable_price_tickers=182/190; mubasher_current_rows=174/190,3,"WATCH/BUY SETUP: RAYA.CA has aligned current price data, liquidity above threshold, price above MA20/MA50, RSI 67.29, support 6.7, resistance 7.85, and evidence sources. Macro trend is Bullish; market regime is SELECTIVE_SMALL_MID_SWINGS; verify price action in Thndr before treating it as a swing entry.",,"Review the Telegram summary, verify in Thndr, and choose any position size manually."
20260705T092441Z_BUY_EEII.CA,2026-07-05T09:24:41.108620+00:00,PENDING_REVIEW,2,BUY,EEII.CA,2.6,2.8,2.5,LOW,26.23,BULLISH_WATCH,71.78,market_context=DELAYED; tradeable_price_tickers=182/190; mubasher_current_rows=174/190,3,"WATCH/BUY SETUP: EEII.CA has aligned current price data, liquidity above threshold, price above MA20/MA50, RSI 66.04, support 2.3, resistance 2.55, and evidence sources. Macro trend is Bullish; market regime is SELECTIVE_SMALL_MID_SWINGS; verify price action in Thndr before treating it as a swing entry.",,"Review the Telegram summary, verify in Thndr, and choose any position size manually."
20260705T092441Z_BUY_LCSW.CA,2026-07-05T09:24:41.110845+00:00,PENDING_REVIEW,3,BUY,LCSW.CA,28.66,31.17,27.51,LOW,25.44,BULLISH_WATCH,74.61,market_context=DELAYED; tradeable_price_tickers=182/190; mubasher_current_rows=174/190,3,"WATCH/BUY SETUP: LCSW.CA has aligned current price data, liquidity above threshold, price above MA20/MA50, RSI 61.9, support 26.0, resistance 31.33, and evidence sources. Macro trend is Bullish; market regime is SELECTIVE_SMALL_MID_SWINGS; verify price action in Thndr before treating it as a swing entry.",,"Review the Telegram summary, verify in Thndr, and choose any position size manually."
20260705T101046Z_BUY_SPIN.CA,2026-07-05T10:10:46.953634+00:00,PENDING_REVIEW,1,BUY,SPIN.CA,14.69,15.87,14.1,LOW,29.85,BULLISH_WATCH,91.38,market_context=DELAYED; tradeable_price_tickers=180/190; mubasher_current_rows=176/190,3,"WATCH/BUY SETUP: SPIN.CA has aligned current price data, liquidity above threshold, price above MA20/MA50, RSI 56.99, support 13.3, resistance 14.65, and evidence sources. Macro trend is Bullish; market regime is SELECTIVE_SMALL_MID_SWINGS; verify price action in Thndr before treating it as a swing entry.",,"Review the Telegram summary, verify in Thndr, and choose any position size manually."
20260705T101046Z_BUY_NHPS.CA,2026-07-05T10:10:46.955793+00:00,PENDING_REVIEW,2,BUY,NHPS.CA,67.66,75.11,64.95,LOW,28.24,BULLISH_WATCH,79.7,market_context=DELAYED; tradeable_price_tickers=180/190; mubasher_current_rows=176/190,3,"WATCH/BUY SETUP: NHPS.CA has aligned current price data, liquidity above threshold, price above MA20/MA50, RSI 63.93, support 61.55, resistance 75.49, and evidence sources. Macro trend is Bullish; market regime is SELECTIVE_SMALL_MID_SWINGS; verify price action in Thndr before treating it as a swing entry.",,"Review the Telegram summary, verify in Thndr, and choose any position size manually."
20260705T101046Z_BUY_RAYA.CA,2026-07-05T10:10:46.957916+00:00,PENDING_REVIEW,3,BUY,RAYA.CA,7.85,8.47,7.54,LOW,27.08,BULLISH_WATCH,81,market_context=DELAYED; tradeable_price_tickers=180/190; mubasher_current_rows=176/190,3,"WATCH/BUY SETUP: RAYA.CA has aligned current price data, liquidity above threshold, price above MA20/MA50, RSI 67.29, support 6.7, resistance 7.85, and evidence sources. Macro trend is Bullish; market regime is SELECTIVE_SMALL_MID_SWINGS; verify price action in Thndr before treating it as a swing entry.",,"Review the Telegram summary, verify in Thndr, and choose any position size manually."
20260705T141755Z_BUY_SCTS.CA,2026-07-05T14:17:55.630003+00:00,PENDING_REVIEW,1,BUY,SCTS.CA,621.33,671.03,596.48,LOW,31.28,BULLISH_WATCH,95.45,market_context=DELAYED; tradeable_price_tickers=177/190; mubasher_current_rows=181/190,3,"WATCH/BUY SETUP: SCTS.CA has aligned current price data, liquidity above threshold, price above MA20/MA50, RSI 61.59, support 540.0, resistance 649.0, and evidence sources. Macro trend is Bullish; market regime is SELECTIVE_SMALL_MID_SWINGS; verify price action in Thndr before treating it as a swing entry.",,"Review the Telegram summary, verify in Thndr, and choose any position size manually."
20260705T141755Z_BUY_NHPS.CA,2026-07-05T14:17:55.632298+00:00,PENDING_REVIEW,2,BUY,NHPS.CA,67.54,75.11,64.84,LOW,28.82,BULLISH_WATCH,91.94,market_context=DELAYED; tradeable_price_tickers=177/190; mubasher_current_rows=181/190,3,"WATCH/BUY SETUP: NHPS.CA has aligned current price data, liquidity above threshold, price above MA20/MA50, RSI 63.93, support 61.55, resistance 75.49, and evidence sources. Macro trend is Bullish; market regime is SELECTIVE_SMALL_MID_SWINGS; verify price action in Thndr before treating it as a swing entry.",,"Review the Telegram summary, verify in Thndr, and choose any position size manually."
20260705T141755Z_BUY_RAYA.CA,2026-07-05T14:17:55.634588+00:00,PENDING_REVIEW,3,BUY,RAYA.CA,7.88,8.52,7.56,LOW,27.98,BULLISH_WATCH,93,market_context=DELAYED; tradeable_price_tickers=177/190; mubasher_current_rows=181/190,3,"WATCH/BUY SETUP: RAYA.CA has aligned current price data, liquidity above threshold, price above MA20/MA50, RSI 67.29, support 6.7, resistance 7.85, and evidence sources. Macro trend is Bullish; market regime is SELECTIVE_SMALL_MID_SWINGS; verify price action in Thndr before treating it as a swing entry.",,"Review the Telegram summary, verify in Thndr, and choose any position size manually."
20260705T173843Z_BUY_SCTS.CA,2026-07-05T17:38:43.095596+00:00,PENDING_REVIEW,1,BUY,SCTS.CA,621.33,671.03,596.48,LOW,31.28,BULLISH_WATCH,95.45,market_context=DELAYED; tradeable_price_tickers=177/190; mubasher_current_rows=181/190,3,"WATCH/BUY SETUP: SCTS.CA has aligned current price data, liquidity above threshold, price above MA20/MA50, RSI 61.59, support 540.0, resistance 649.0, and evidence sources. Macro trend is Bullish; market regime is SELECTIVE_SMALL_MID_SWINGS; verify price action in Thndr before treating it as a swing entry.",,"Review the Telegram summary, verify in Thndr, and choose any position size manually."
20260706T094435Z_BUY_RAYA.CA,2026-07-06T09:44:35.522716+00:00,PENDING_REVIEW,1,BUY,RAYA.CA,8.21,8.87,7.88,LOW,32.32,BULLISH_WATCH,97,market_context=DELAYED; tradeable_price_tickers=182/190; mubasher_current_rows=178/190,3,"WATCH/BUY SETUP: RAYA.CA has aligned current price data, liquidity above threshold, price above MA20/MA50, RSI 68.47, support 6.7, resistance 7.93, and evidence sources. Macro trend is Bullish; market regime is SELECTIVE_SWING_TRADES_ONLY; verify price action in Thndr before treating it as a swing entry.",,"Review the Telegram summary, verify in Thndr, and choose any position size manually."
20260706T094435Z_BUY_ARAB.CA,2026-07-06T09:44:35.524904+00:00,PENDING_REVIEW,2,BUY,ARAB.CA,0.22,0.24,0.21,LOW,31.2,BULLISH_WATCH,92.51,market_context=DELAYED; tradeable_price_tickers=182/190; mubasher_current_rows=178/190,3,"BUY SETUP: ARAB.CA has aligned current price data, liquidity above threshold, price above MA20/MA50, RSI 48.48, support 0.2, resistance 0.22, and evidence sources. Macro trend is Bullish; market regime is SELECTIVE_SWING_TRADES_ONLY; verify price action in Thndr before treating it as a swing entry.",,"Review the Telegram summary, verify in Thndr, and choose any position size manually."
20260706T094435Z_BUY_EBSC.CA,2026-07-06T09:44:35.527057+00:00,PENDING_REVIEW,3,BUY,EBSC.CA,2.07,2.23,1.99,LOW,30.92,CONSTRUCTIVE,68.8,market_context=DELAYED; tradeable_price_tickers=182/190; mubasher_current_rows=178/190,3,"BUY SETUP: EBSC.CA has aligned current price data, liquidity above threshold, price above MA20/MA50, RSI 63.79, support 1.71, resistance 2.12, and evidence sources. Macro trend is Bullish; market regime is SELECTIVE_SWING_TRADES_ONLY; verify price action in Thndr before treating it as a swing entry.",,"Review the Telegram summary, verify in Thndr, and choose any position size manually."
20260706T110319Z_BUY_RAYA.CA,2026-07-06T11:03:19.930943+00:00,PENDING_REVIEW,1,BUY,RAYA.CA,8.1,8.74,7.78,LOW,33.3,BULLISH_WATCH,97,market_context=DELAYED; tradeable_price_tickers=178/190; mubasher_current_rows=181/190,3,"WATCH/BUY SETUP: RAYA.CA has aligned current price data, liquidity above threshold, price above MA20/MA50, RSI 68.47, support 6.7, resistance 7.93, and evidence sources. Macro trend is Bullish; market regime is SELECTIVE_SWING_TRADES_ONLY; verify price action in Thndr before treating it as a swing entry.",,"Review the Telegram summary, verify in Thndr, and choose any position size manually."
20260706T120405Z_BUY_RAYA.CA,2026-07-06T12:04:05.473656+00:00,PENDING_REVIEW,1,BUY,RAYA.CA,8.05,8.69,7.73,LOW,33.8,BULLISH_WATCH,97,market_context=DELAYED; tradeable_price_tickers=176/190; mubasher_current_rows=182/190,3,"WATCH/BUY SETUP: RAYA.CA has aligned current price data, liquidity above threshold, price above MA20/MA50, RSI 68.47, support 6.7, resistance 7.93, and evidence sources. Macro trend is Bullish; market regime is SELECTIVE_SWING_TRADES_ONLY; verify price action in Thndr before treating it as a swing entry.",,"Review the Telegram summary, verify in Thndr, and choose any position size manually."
20260706T120405Z_BUY_CICH.CA,2026-07-06T12:04:05.475950+00:00,PENDING_REVIEW,2,BUY,CICH.CA,12.09,13.05,11.61,LOW,31.4,BULLISH_WATCH,100,market_context=DELAYED; tradeable_price_tickers=176/190; mubasher_current_rows=182/190,3,"BUY SETUP: CICH.CA has aligned current price data, liquidity above threshold, price above MA20/MA50, RSI 60.0, support 11.1, resistance 12.8, and evidence sources. Macro trend is Bullish; market regime is SELECTIVE_SWING_TRADES_ONLY; verify price action in Thndr before treating it as a swing entry.",,"Review the Telegram summary, verify in Thndr, and choose any position size manually."
20260706T120405Z_BUY_ARAB.CA,2026-07-06T12:04:05.478202+00:00,PENDING_REVIEW,3,BUY,ARAB.CA,0.23,0.25,0.22,LOW,31.28,BULLISH_WATCH,81.71,market_context=DELAYED; tradeable_price_tickers=176/190; mubasher_current_rows=182/190,3,"BUY SETUP: ARAB.CA has aligned current price data, liquidity above threshold, price above MA20/MA50, RSI 48.48, support 0.2, resistance 0.22, and evidence sources. Macro trend is Bullish; market regime is SELECTIVE_SWING_TRADES_ONLY; verify price action in Thndr before treating it as a swing entry.",,"Review the Telegram summary, verify in Thndr, and choose any position size manually."
20260706T160246Z_BUY_RAYA.CA,2026-07-06T16:02:46.517269+00:00,PENDING_REVIEW,1,BUY,RAYA.CA,8.05,8.69,7.73,LOW,33.8,BULLISH_WATCH,97,market_context=DELAYED; tradeable_price_tickers=176/190; mubasher_current_rows=182/190,3,"WATCH/BUY SETUP: RAYA.CA has aligned current price data, liquidity above threshold, price above MA20/MA50, RSI 68.47, support 6.7, resistance 7.93, and evidence sources. Macro trend is Bullish; market regime is SELECTIVE_SWING_TRADES_ONLY; verify price action in Thndr before treating it as a swing entry.",,"Review the Telegram summary, verify in Thndr, and choose any position size manually."
20260706T160246Z_BUY_ARAB.CA,2026-07-06T16:02:46.519480+00:00,PENDING_REVIEW,2,BUY,ARAB.CA,0.23,0.25,0.22,LOW,31.28,BULLISH_WATCH,81.71,market_context=DELAYED; tradeable_price_tickers=176/190; mubasher_current_rows=182/190,3,"BUY SETUP: ARAB.CA has aligned current price data, liquidity above threshold, price above MA20/MA50, RSI 48.48, support 0.2, resistance 0.22, and evidence sources. Macro trend is Bullish; market regime is SELECTIVE_SWING_TRADES_ONLY; verify price action in Thndr before treating it as a swing entry.",,"Review the Telegram summary, verify in Thndr, and choose any position size manually."
20260706T160246Z_BUY_OBRI.CA,2026-07-06T16:02:46.521704+00:00,PENDING_REVIEW,3,BUY,OBRI.CA,37.38,40.38,35.88,LOW,28.79,BULLISH_WATCH,83.47,market_context=DELAYED; tradeable_price_tickers=176/190; mubasher_current_rows=182/190,2,"BUY SETUP: OBRI.CA has aligned current price data, liquidity above threshold, price above MA20/MA50, RSI 57.4, support 31.5, resistance 39.27, and evidence sources. Macro trend is Bullish; market regime is SELECTIVE_SWING_TRADES_ONLY; verify price action in Thndr before treating it as a swing entry.",,"Review the Telegram summary, verify in Thndr, and choose any position size manually."
20260706T182739Z_HOLD_NONE,2026-07-06T18:27:39.646906+00:00,NO_ACTION,,HOLD,,0,0,0,LOW,,,,market_context=DELAYED; tradeable_price_tickers=176/190; mubasher_current_rows=182/190,0,"Local fallback HOLD: no candidate passed evidence, liquidity, freshness, and technical gates.",,"No trade signal. Review watchlist, sector movement, and warnings."
20260707T085754Z_BUY_ARAB.CA,2026-07-07T08:57:54.449827+00:00,PENDING_REVIEW,1,BUY,ARAB.CA,0.24,0.26,0.23,LOW,31.24,BULLISH_WATCH,90.51,market_context=DELAYED; tradeable_price_tickers=184/190; mubasher_current_rows=174/190,3,"WATCH/BUY SETUP: ARAB.CA has aligned current price data, liquidity above threshold, price above MA20/MA50, RSI 66.67, support 0.2, resistance 0.23, and evidence sources. Macro trend is Bullish; market regime is BROAD_RISK_ON; verify price action in Thndr before treating it as a swing entry.",,"Review the Telegram summary, verify in Thndr, and choose any position size manually."
20260707T085754Z_BUY_ETEL.CA,2026-07-07T08:57:54.452022+00:00,PENDING_REVIEW,2,BUY,ETEL.CA,98.13,105.99,94.2,LOW,30.0,BULLISH_WATCH,85.0,market_context=DELAYED; tradeable_price_tickers=184/190; mubasher_current_rows=174/190,3,"BUY SETUP: ETEL.CA has aligned current price data, liquidity above threshold, price above MA20/MA50, RSI 62.31, support 89.01, resistance 96.63, and evidence sources. Macro trend is Bullish; market regime is BROAD_RISK_ON; verify price action in Thndr before treating it as a swing entry.",,"Review the Telegram summary, verify in Thndr, and choose any position size manually."
20260707T085754Z_BUY_TMGH.CA,2026-07-07T08:57:54.454253+00:00,PENDING_REVIEW,3,BUY,TMGH.CA,99.29,107.23,95.32,LOW,29.9,BULLISH_WATCH,87.51,market_context=DELAYED; tradeable_price_tickers=184/190; mubasher_current_rows=174/190,3,"BUY SETUP: TMGH.CA has aligned current price data, liquidity above threshold, price above MA20/MA50, RSI 59.74, support 92.1, resistance 98.98, and evidence sources. Macro trend is Bullish; market regime is BROAD_RISK_ON; verify price action in Thndr before treating it as a swing entry.",,"Review the Telegram summary, verify in Thndr, and choose any position size manually."
20260707T100636Z_BUY_ETEL.CA,2026-07-07T10:06:36.773763+00:00,PENDING_REVIEW,1,BUY,ETEL.CA,99.96,107.96,95.96,LOW,33.66,BULLISH_WATCH,91,market_context=DELAYED; tradeable_price_tickers=179/190; mubasher_current_rows=177/190,3,"BUY SETUP: ETEL.CA has aligned current price data, liquidity above threshold, price above MA20/MA50, RSI 62.31, support 89.01, resistance 96.63, and evidence sources. Macro trend is Bullish; market regime is BROAD_RISK_ON; verify price action in Thndr before treating it as a swing entry.",,"Review the Telegram summary, verify in Thndr, and choose any position size manually."
20260707T100636Z_BUY_TALM.CA,2026-07-07T10:06:36.775983+00:00,PENDING_REVIEW,2,BUY,TALM.CA,16.15,17.17,15.64,LOW,30.9,BULLISH_WATCH,74.99,market_context=DELAYED; tradeable_price_tickers=179/190; mubasher_current_rows=177/190,3,"BUY SETUP: TALM.CA has aligned current price data, liquidity above threshold, price above MA20/MA50, RSI 35.43, support 15.38, resistance 16.53, and evidence sources. Macro trend is Bullish; market regime is BROAD_RISK_ON; verify price action in Thndr before treating it as a swing entry.",,"Review the Telegram summary, verify in Thndr, and choose any position size manually."
20260707T100636Z_BUY_TMGH.CA,2026-07-07T10:06:36.778315+00:00,PENDING_REVIEW,3,BUY,TMGH.CA,99.0,106.92,95.04,LOW,29.9,BULLISH_WATCH,86.96,market_context=DELAYED; tradeable_price_tickers=179/190; mubasher_current_rows=177/190,3,"BUY SETUP: TMGH.CA has aligned current price data, liquidity above threshold, price above MA20/MA50, RSI 59.74, support 92.1, resistance 98.98, and evidence sources. Macro trend is Bullish; market regime is BROAD_RISK_ON; verify price action in Thndr before treating it as a swing entry.",,"Review the Telegram summary, verify in Thndr, and choose any position size manually."
20260707T105439Z_BUY_ETEL.CA,2026-07-07T10:54:39.510257+00:00,PENDING_REVIEW,1,BUY,ETEL.CA,99.24,107.18,95.27,LOW,35.56,BULLISH_WATCH,100,market_context=DELAYED; tradeable_price_tickers=178/190; mubasher_current_rows=176/190,3,"BUY SETUP: ETEL.CA has aligned current price data, liquidity above threshold, price above MA20/MA50, RSI 62.31, support 89.01, resistance 96.63, and evidence sources. Macro trend is Bullish; market regime is BROAD_RISK_ON; verify price action in Thndr before treating it as a swing entry.",,"Review the Telegram summary, verify in Thndr, and choose any position size manually."
20260707T152842Z_BUY_ETEL.CA,2026-07-07T15:28:42.665622+00:00,PENDING_REVIEW,1,BUY,ETEL.CA,98.42,106.3,94.48,LOW,34.9,BULLISH_WATCH,97,market_context=DELAYED; tradeable_price_tickers=178/190; mubasher_current_rows=182/190,3,"BUY SETUP: ETEL.CA has aligned current price data, liquidity above threshold, price above MA20/MA50, RSI 62.31, support 89.01, resistance 96.63, and evidence sources. Macro trend is Bullish; market regime is BROAD_RISK_ON; verify price action in Thndr before treating it as a swing entry.",,"Review the Telegram summary, verify in Thndr, and choose any position size manually."
20260707T152842Z_BUY_ARAB.CA,2026-07-07T15:28:42.667406+00:00,PENDING_REVIEW,2,BUY,ARAB.CA,0.23,0.25,0.22,LOW,32.9,BULLISH_WATCH,90.51,market_context=DELAYED; tradeable_price_tickers=178/190; mubasher_current_rows=182/190,3,"WATCH/BUY SETUP: ARAB.CA has aligned current price data, liquidity above threshold, price above MA20/MA50, RSI 66.67, support 0.2, resistance 0.23, and evidence sources. Macro trend is Bullish; market regime is BROAD_RISK_ON; verify price action in Thndr before treating it as a swing entry.",,"Review the Telegram summary, verify in Thndr, and choose any position size manually."
20260707T182912Z_BUY_ETEL.CA,2026-07-07T18:29:12.076476+00:00,PENDING_REVIEW,1,BUY,ETEL.CA,98.42,106.3,94.48,LOW,34.9,BULLISH_WATCH,97,market_context=DELAYED; tradeable_price_tickers=178/190; mubasher_current_rows=182/190,3,"BUY SETUP: ETEL.CA has aligned current price data, liquidity above threshold, price above MA20/MA50, RSI 62.31, support 89.01, resistance 96.63, and evidence sources. Macro trend is Bullish; market regime is BROAD_RISK_ON; verify price action in Thndr before treating it as a swing entry.",,"Review the Telegram summary, verify in Thndr, and choose any position size manually."
20260707T182912Z_BUY_ARAB.CA,2026-07-07T18:29:12.078833+00:00,PENDING_REVIEW,2,BUY,ARAB.CA,0.23,0.25,0.22,LOW,32.9,BULLISH_WATCH,90.51,market_context=DELAYED; tradeable_price_tickers=178/190; mubasher_current_rows=182/190,3,"WATCH/BUY SETUP: ARAB.CA has aligned current price data, liquidity above threshold, price above MA20/MA50, RSI 66.67, support 0.2, resistance 0.23, and evidence sources. Macro trend is Bullish; market regime is BROAD_RISK_ON; verify price action in Thndr before treating it as a swing entry.",,"Review the Telegram summary, verify in Thndr, and choose any position size manually."
20260707T182912Z_BUY_ADIB.CA,2026-07-07T18:29:12.081146+00:00,PENDING_REVIEW,3,BUY,ADIB.CA,47.43,51.23,45.53,LOW,32.9,BULLISH_WATCH,89.86,market_context=DELAYED; tradeable_price_tickers=178/190; mubasher_current_rows=182/190,3,"BUY SETUP: ADIB.CA has aligned current price data, liquidity above threshold, price above MA20/MA50, RSI 48.45, support 44.01, resistance 48.49, and evidence sources. Macro trend is Bullish; market regime is BROAD_RISK_ON; verify price action in Thndr before treating it as a swing entry.",,"Review the Telegram summary, verify in Thndr, and choose any position size manually."
20260708T080131Z_HOLD_NONE,2026-07-08T08:01:31.739363+00:00,NO_ACTION,,HOLD,,0,0,0,LOW,,,,market_context=DELAYED; tradeable_price_tickers=175/190; mubasher_current_rows=165/190,0,"Local fallback HOLD: no candidate passed evidence, liquidity, freshness, and technical gates.",,"No trade signal. Review watchlist, sector movement, and warnings."
20260708T084631Z_BUY_RREI.CA,2026-07-08T08:46:31.637091+00:00,PENDING_REVIEW,1,BUY,RREI.CA,3.83,4.13,3.68,LOW,34.9,BULLISH_WATCH,91.04,market_context=DELAYED; tradeable_price_tickers=184/190; mubasher_current_rows=170/190,3,"WATCH/BUY SETUP: RREI.CA has aligned current price data, liquidity above threshold, price above MA20/MA50, RSI 57.81, support 3.34, resistance 3.81, and evidence sources. Macro trend is Bearish; market regime is BROAD_RISK_ON; verify price action in Thndr before treating it as a swing entry.",,"Review the Telegram summary, verify in Thndr, and choose any position size manually."
20260708T084631Z_BUY_PRDC.CA,2026-07-08T08:46:31.639279+00:00,PENDING_REVIEW,2,BUY,PRDC.CA,8.4,9.08,8.06,LOW,30.9,BULLISH_WATCH,94,market_context=DELAYED; tradeable_price_tickers=184/190; mubasher_current_rows=170/190,3,"WATCH/BUY SETUP: PRDC.CA has aligned current price data, liquidity above threshold, price above MA20/MA50, RSI 61.97, support 5.91, resistance 9.0, and evidence sources. Macro trend is Bearish; market regime is BROAD_RISK_ON; verify price action in Thndr before treating it as a swing entry.",,"Review the Telegram summary, verify in Thndr, and choose any position size manually."
20260708T084631Z_BUY_COMI.CA,2026-07-08T08:46:31.641439+00:00,PENDING_REVIEW,3,BUY,COMI.CA,135.14,145.74,129.84,LOW,29.81,BULLISH_WATCH,78.77,market_context=DELAYED; tradeable_price_tickers=184/190; mubasher_current_rows=170/190,2,"WATCH/BUY SETUP: COMI.CA has aligned current price data, liquidity above threshold, price above MA20/MA50, RSI 57.68, support 126.21, resistance 137.98, and evidence sources. Macro trend is Bearish; market regime is BROAD_RISK_ON; verify price action in Thndr before treating it as a swing entry.",,"Review the Telegram summary, verify in Thndr, and choose any position size manually."
20260708T101535Z_HOLD_NONE,2026-07-08T10:15:35.433527+00:00,NO_ACTION,,HOLD,,0,0,0,LOW,,,,market_context=DELAYED; tradeable_price_tickers=185/190; mubasher_current_rows=178/190,0,"Local fallback HOLD: no candidate passed evidence, liquidity, freshness, and technical gates.",,"No trade signal. Review watchlist, sector movement, and warnings."
20260708T145207Z_HOLD_NONE,2026-07-08T14:52:07.426670+00:00,NO_ACTION,,HOLD,,0,0,0,LOW,,,,market_context=DELAYED; tradeable_price_tickers=181/190; mubasher_current_rows=183/190,0,"Local fallback HOLD: no candidate passed evidence, liquidity, freshness, and technical gates.",,"No trade signal. Review watchlist, sector movement, and warnings."
20260708T175944Z_BUY_HELI.CA,2026-07-08T17:59:44.346678+00:00,PENDING_REVIEW,1,BUY,HELI.CA,6.85,7.39,6.58,LOW,30.54,BULLISH_WATCH,99,market_context=DELAYED; tradeable_price_tickers=181/190; mubasher_current_rows=183/190,3,"WATCH/BUY SETUP: HELI.CA has aligned current price data, liquidity above threshold, price above MA20/MA50, RSI 63.48, support 6.28, resistance 6.84, and evidence sources. Macro trend is Bearish; market regime is SELECTIVE_SMALL_MID_SWINGS; verify price action in Thndr before treating it as a swing entry.",,"Review the Telegram summary, verify in Thndr, and choose any position size manually."
20260708T175944Z_BUY_TMGH.CA,2026-07-08T17:59:44.348935+00:00,PENDING_REVIEW,2,BUY,TMGH.CA,97.0,104.02,93.49,LOW,29.4,BULLISH_WATCH,100,market_context=DELAYED; tradeable_price_tickers=181/190; mubasher_current_rows=183/190,2,"WATCH/BUY SETUP: TMGH.CA has aligned current price data, liquidity above threshold, price above MA20/MA50, RSI 59.88, support 92.1, resistance 99.43, and evidence sources. Macro trend is Bearish; market regime is SELECTIVE_SMALL_MID_SWINGS; verify price action in Thndr before treating it as a swing entry.",,"Review the Telegram summary, verify in Thndr, and choose any position size manually."
20260708T175944Z_BUY_PRDC.CA,2026-07-08T17:59:44.351174+00:00,PENDING_REVIEW,3,BUY,PRDC.CA,8.3,8.96,7.97,LOW,29.4,BULLISH_WATCH,94,market_context=DELAYED; tradeable_price_tickers=181/190; mubasher_current_rows=183/190,3,"WATCH/BUY SETUP: PRDC.CA has aligned current price data, liquidity above threshold, price above MA20/MA50, RSI 61.97, support 5.91, resistance 9.0, and evidence sources. Macro trend is Bearish; market regime is SELECTIVE_SMALL_MID_SWINGS; verify price action in Thndr before treating it as a swing entry.",,"Review the Telegram summary, verify in Thndr, and choose any position size manually."
20260709T090245Z_HOLD_NONE,2026-07-09T09:02:45.350737+00:00,NO_ACTION,,HOLD,,0,0,0,LOW,,,,market_context=DELAYED; tradeable_price_tickers=181/190; mubasher_current_rows=174/190,0,"Local fallback HOLD: no candidate passed evidence, liquidity, freshness, and technical gates.",,"No trade signal. Review watchlist, sector movement, and warnings."
20260709T100004Z_BUY_AFMC.CA,2026-07-09T10:00:04.091410+00:00,PENDING_REVIEW,1,BUY,AFMC.CA,73.09,78.93,70.17,LOW,32.5,BULLISH_WATCH,87.0,market_context=DELAYED; tradeable_price_tickers=179/190; mubasher_current_rows=178/190,3,"BUY SETUP: AFMC.CA has aligned current price data, liquidity above threshold, price above MA20/MA50, RSI 49.04, support 66.0, resistance 74.79, and evidence sources. Macro trend is Bullish; market regime is BROAD_RISK_ON; verify price action in Thndr before treating it as a swing entry.",,"Review the Telegram summary, verify in Thndr, and choose any position size manually."
20260709T100004Z_BUY_HELI.CA,2026-07-09T10:00:04.093702+00:00,PENDING_REVIEW,2,BUY,HELI.CA,7.12,7.68,6.84,LOW,31.64,BULLISH_WATCH,88.63,market_context=DELAYED; tradeable_price_tickers=179/190; mubasher_current_rows=178/190,2,"WATCH/BUY SETUP: HELI.CA has aligned current price data, liquidity above threshold, price above MA20/MA50, RSI 66.93, support 6.28, resistance 6.91, and evidence sources. Macro trend is Bullish; market regime is BROAD_RISK_ON; verify price action in Thndr before treating it as a swing entry.",,"Review the Telegram summary, verify in Thndr, and choose any position size manually."
20260709T100004Z_BUY_ETEL.CA,2026-07-09T10:00:04.095969+00:00,PENDING_REVIEW,3,BUY,ETEL.CA,96.86,104.6,92.99,LOW,30.9,BULLISH_WATCH,89.5,market_context=DELAYED; tradeable_price_tickers=179/190; mubasher_current_rows=178/190,3,"BUY SETUP: ETEL.CA has aligned current price data, liquidity above threshold, price above MA20/MA50, RSI 60.23, support 89.01, resistance 101.5, and evidence sources. Macro trend is Bullish; market regime is BROAD_RISK_ON; verify price action in Thndr before treating it as a swing entry.",,"Review the Telegram summary, verify in Thndr, and choose any position size manually."
20260709T105307Z_BUY_GSSC.CA,2026-07-09T10:53:07.399517+00:00,PENDING_REVIEW,1,BUY,GSSC.CA,257.08,277.64,246.8,LOW,31.0,BULLISH_WATCH,86.99,market_context=DELAYED; tradeable_price_tickers=174/190; mubasher_current_rows=181/190,3,"BUY SETUP: GSSC.CA has aligned current price data, liquidity above threshold, price above MA20/MA50, RSI 60.77, support 240.0, resistance 263.63, and evidence sources. Macro trend is Bullish; market regime is SELECTIVE_SWING_TRADES_ONLY; verify price action in Thndr before treating it as a swing entry.",,"Review the Telegram summary, verify in Thndr, and choose any position size manually."
20260709T105307Z_BUY_ETEL.CA,2026-07-09T10:53:07.401827+00:00,PENDING_REVIEW,2,BUY,ETEL.CA,98.01,105.85,94.09,LOW,29.4,BULLISH_WATCH,89.81,market_context=DELAYED; tradeable_price_tickers=174/190; mubasher_current_rows=181/190,3,"BUY SETUP: ETEL.CA has aligned current price data, liquidity above threshold, price above MA20/MA50, RSI 60.23, support 89.01, resistance 101.5, and evidence sources. Macro trend is Bullish; market regime is SELECTIVE_SWING_TRADES_ONLY; verify price action in Thndr before treating it as a swing entry.",,"Review the Telegram summary, verify in Thndr, and choose any position size manually."
20260709T105307Z_BUY_NHPS.CA,2026-07-09T10:53:07.404100+00:00,PENDING_REVIEW,3,BUY,NHPS.CA,71.61,77.33,68.75,LOW,29.0,BULLISH_WATCH,78.99,market_context=DELAYED; tradeable_price_tickers=174/190; mubasher_current_rows=181/190,3,"WATCH/BUY SETUP: NHPS.CA has aligned current price data, liquidity above threshold, price above MA20/MA50, RSI 65.33, support 61.55, resistance 75.49, and evidence sources. Macro trend is Bullish; market regime is SELECTIVE_SWING_TRADES_ONLY; verify price action in Thndr before treating it as a swing entry.",,"Review the Telegram summary, verify in Thndr, and choose any position size manually."
20260709T154336Z_BUY_GSSC.CA,2026-07-09T15:43:36.184844+00:00,PENDING_REVIEW,1,BUY,GSSC.CA,257.0,277.56,246.72,LOW,31.15,BULLISH_WATCH,87.38,market_context=DELAYED; tradeable_price_tickers=171/190; mubasher_current_rows=182/190,3,"BUY SETUP: GSSC.CA has aligned current price data, liquidity above threshold, price above MA20/MA50, RSI 60.77, support 240.0, resistance 263.63, and evidence sources. Macro trend is Bullish; market regime is SELECTIVE_SWING_TRADES_ONLY; verify price action in Thndr before treating it as a swing entry.",,"Review the Telegram summary, verify in Thndr, and choose any position size manually."
20260709T154336Z_BUY_AFMC.CA,2026-07-09T15:43:36.187098+00:00,PENDING_REVIEW,2,BUY,AFMC.CA,72.38,78.18,69.48,LOW,31.15,BULLISH_WATCH,87.38,market_context=DELAYED; tradeable_price_tickers=171/190; mubasher_current_rows=182/190,3,"BUY SETUP: AFMC.CA has aligned current price data, liquidity above threshold, price above MA20/MA50, RSI 49.04, support 66.0, resistance 74.79, and evidence sources. Macro trend is Bullish; market regime is SELECTIVE_SWING_TRADES_ONLY; verify price action in Thndr before treating it as a swing entry.",,"Review the Telegram summary, verify in Thndr, and choose any position size manually."
20260709T154336Z_BUY_CERA.CA,2026-07-09T15:43:36.189383+00:00,PENDING_REVIEW,3,BUY,CERA.CA,1.32,1.42,1.27,LOW,29.93,BULLISH_WATCH,81.38,market_context=DELAYED; tradeable_price_tickers=171/190; mubasher_current_rows=182/190,3,"BUY SETUP: CERA.CA has aligned current price data, liquidity above threshold, price above MA20/MA50, RSI 45.0, support 1.15, resistance 1.3, and evidence sources. Macro trend is Bullish; market regime is SELECTIVE_SWING_TRADES_ONLY; verify price action in Thndr before treating it as a swing entry.",,"Review the Telegram summary, verify in Thndr, and choose any position size manually."
20260709T182020Z_BUY_GSSC.CA,2026-07-09T18:20:20.143002+00:00,PENDING_REVIEW,1,BUY,GSSC.CA,257.0,277.56,246.72,LOW,31.15,BULLISH_WATCH,87.38,market_context=DELAYED; tradeable_price_tickers=171/190; mubasher_current_rows=182/190,3,"BUY SETUP: GSSC.CA has aligned current price data, liquidity above threshold, price above MA20/MA50, RSI 60.77, support 240.0, resistance 263.63, and evidence sources. Macro trend is Bullish; market regime is SELECTIVE_SWING_TRADES_ONLY; verify price action in Thndr before treating it as a swing entry.",,"Review the Telegram summary, verify in Thndr, and choose any position size manually."
20260709T182020Z_BUY_AFMC.CA,2026-07-09T18:20:20.144929+00:00,PENDING_REVIEW,2,BUY,AFMC.CA,72.38,78.18,69.48,LOW,31.15,BULLISH_WATCH,87.38,market_context=DELAYED; tradeable_price_tickers=171/190; mubasher_current_rows=182/190,3,"BUY SETUP: AFMC.CA has aligned current price data, liquidity above threshold, price above MA20/MA50, RSI 49.04, support 66.0, resistance 74.79, and evidence sources. Macro trend is Bullish; market regime is SELECTIVE_SWING_TRADES_ONLY; verify price action in Thndr before treating it as a swing entry.",,"Review the Telegram summary, verify in Thndr, and choose any position size manually."
20260709T182020Z_BUY_CERA.CA,2026-07-09T18:20:20.146820+00:00,PENDING_REVIEW,3,BUY,CERA.CA,1.32,1.42,1.27,LOW,29.93,BULLISH_WATCH,81.38,market_context=DELAYED; tradeable_price_tickers=171/190; mubasher_current_rows=182/190,3,"BUY SETUP: CERA.CA has aligned current price data, liquidity above threshold, price above MA20/MA50, RSI 45.0, support 1.15, resistance 1.3, and evidence sources. Macro trend is Bullish; market regime is SELECTIVE_SWING_TRADES_ONLY; verify price action in Thndr before treating it as a swing entry.",,"Review the Telegram summary, verify in Thndr, and choose any position size manually."
20260712T075228Z_BUY_ALCN.CA,2026-07-12T07:52:28.090989+00:00,PENDING_REVIEW,1,BUY,ALCN.CA,29.91,33.03,28.71,LOW,33.9,BULLISH_WATCH,100,market_context=DELAYED; tradeable_price_tickers=183/189; mubasher_current_rows=161/189,3,"BUY SETUP: ALCN.CA has aligned current price data, liquidity above threshold, price above MA20/MA50, RSI 53.59, support 25.51, resistance 33.2, and evidence sources. Macro trend is Bullish; market regime is BROAD_RISK_ON; verify price action in Thndr before treating it as a swing entry.",,"Review the Telegram summary, verify in Thndr, and choose any position size manually."
20260712T075228Z_BUY_ELSH.CA,2026-07-12T07:52:28.093322+00:00,PENDING_REVIEW,2,BUY,ELSH.CA,14.62,15.78,14.04,LOW,29.9,BULLISH_WATCH,74.21,market_context=DELAYED; tradeable_price_tickers=183/189; mubasher_current_rows=161/189,3,"BUY SETUP: ELSH.CA has aligned current price data, liquidity above threshold, price above MA20/MA50, RSI 53.52, support 11.1, resistance 14.6, and evidence sources. Macro trend is Bullish; market regime is BROAD_RISK_ON; verify price action in Thndr before treating it as a swing entry.",,"Review the Telegram summary, verify in Thndr, and choose any position size manually."
20260712T075228Z_BUY_IDRE.CA,2026-07-12T07:52:28.095591+00:00,PENDING_REVIEW,3,BUY,IDRE.CA,47.0,50.76,45.12,LOW,29.7,BULLISH_WATCH,90.21,market_context=DELAYED; tradeable_price_tickers=183/189; mubasher_current_rows=161/189,3,"BUY SETUP: IDRE.CA has aligned current price data, liquidity above threshold, price above MA20/MA50, RSI 56.8, support 41.1, resistance 46.7, and evidence sources. Macro trend is Bullish; market regime is BROAD_RISK_ON; verify price action in Thndr before treating it as a swing entry.",,"Review the Telegram summary, verify in Thndr, and choose any position size manually."
20260712T083419Z_BUY_ALCN.CA,2026-07-12T08:34:19.888765+00:00,PENDING_REVIEW,1,BUY,ALCN.CA,30.01,33.03,28.81,LOW,34.9,BULLISH_WATCH,100,market_context=DELAYED; tradeable_price_tickers=181/189; mubasher_current_rows=173/189,3,"BUY SETUP: ALCN.CA has aligned current price data, liquidity above threshold, price above MA20/MA50, RSI 53.59, support 25.51, resistance 33.2, and evidence sources. Macro trend is Bullish; market regime is BROAD_RISK_ON; verify price action in Thndr before treating it as a swing entry.",,"Review the Telegram summary, verify in Thndr, and choose any position size manually."
20260712T083419Z_BUY_IDRE.CA,2026-07-12T08:34:19.891022+00:00,PENDING_REVIEW,2,BUY,IDRE.CA,46.77,50.51,44.9,LOW,30.12,BULLISH_WATCH,89.95,market_context=DELAYED; tradeable_price_tickers=181/189; mubasher_current_rows=173/189,3,"BUY SETUP: IDRE.CA has aligned current price data, liquidity above threshold, price above MA20/MA50, RSI 56.8, support 41.1, resistance 46.7, and evidence sources. Macro trend is Bullish; market regime is BROAD_RISK_ON; verify price action in Thndr before treating it as a swing entry.",,"Review the Telegram summary, verify in Thndr, and choose any position size manually."
20260712T083419Z_BUY_PRDC.CA,2026-07-12T08:34:19.893332+00:00,PENDING_REVIEW,3,BUY,PRDC.CA,8.75,9.45,8.4,LOW,29.9,BULLISH_WATCH,78,market_context=DELAYED; tradeable_price_tickers=181/189; mubasher_current_rows=173/189,3,"BUY SETUP: PRDC.CA has aligned current price data, liquidity above threshold, price above MA20/MA50, RSI 61.68, support 5.91, resistance 9.0, and evidence sources. Macro trend is Bullish; market regime is BROAD_RISK_ON; verify price action in Thndr before treating it as a swing entry.",,"Review the Telegram summary, verify in Thndr, and choose any position size manually."
20260712T095030Z_BUY_ALCN.CA,2026-07-12T09:50:30.470094+00:00,PENDING_REVIEW,1,BUY,ALCN.CA,30.11,33.03,28.91,LOW,34.9,BULLISH_WATCH,100,market_context=DELAYED; tradeable_price_tickers=179/189; mubasher_current_rows=180/189,3,"BUY SETUP: ALCN.CA has aligned current price data, liquidity above threshold, price above MA20/MA50, RSI 53.59, support 25.51, resistance 33.2, and evidence sources. Macro trend is Bullish; market regime is BROAD_RISK_ON; verify price action in Thndr before treating it as a swing entry.",,"Review the Telegram summary, verify in Thndr, and choose any position size manually."
20260712T095030Z_BUY_ELEC.CA,2026-07-12T09:50:30.472467+00:00,PENDING_REVIEW,2,BUY,ELEC.CA,2.17,2.35,2.08,LOW,31.9,BULLISH_WATCH,92,market_context=DELAYED; tradeable_price_tickers=179/189; mubasher_current_rows=180/189,3,"BUY SETUP: ELEC.CA has aligned current price data, liquidity above threshold, price above MA20/MA50, RSI 40.91, support 2.04, resistance 2.15, and evidence sources. Macro trend is Bullish; market regime is BROAD_RISK_ON; verify price action in Thndr before treating it as a swing entry.",,"Review the Telegram summary, verify in Thndr, and choose any position size manually."
20260712T095030Z_BUY_IDRE.CA,2026-07-12T09:50:30.474839+00:00,PENDING_REVIEW,3,BUY,IDRE.CA,46.78,50.52,44.91,LOW,31.48,BULLISH_WATCH,90.31,market_context=DELAYED; tradeable_price_tickers=179/189; mubasher_current_rows=180/189,3,"BUY SETUP: IDRE.CA has aligned current price data, liquidity above threshold, price above MA20/MA50, RSI 56.8, support 41.1, resistance 46.7, and evidence sources. Macro trend is Bullish; market regime is BROAD_RISK_ON; verify price action in Thndr before treating it as a swing entry.",,"Review the Telegram summary, verify in Thndr, and choose any position size manually."
20260712T140513Z_BUY_ALCN.CA,2026-07-12T14:05:13.160041+00:00,PENDING_REVIEW,1,BUY,ALCN.CA,29.98,33.03,28.78,LOW,35.9,BULLISH_WATCH,100,market_context=DELAYED; tradeable_price_tickers=174/189; mubasher_current_rows=184/189,3,"WATCH/BUY SETUP: ALCN.CA has aligned current price data, liquidity above threshold, price above MA20/MA50, RSI 53.59, support 25.51, resistance 33.2, and evidence sources. Macro trend is Bearish; market regime is BROAD_RISK_ON; verify price action in Thndr before treating it as a swing entry.",,"Review the Telegram summary, verify in Thndr, and choose any position size manually."
20260712T140513Z_BUY_RREI.CA,2026-07-12T14:05:13.162469+00:00,PENDING_REVIEW,2,BUY,RREI.CA,3.78,4.08,3.63,LOW,32.98,BULLISH_WATCH,90.27,market_context=DELAYED; tradeable_price_tickers=174/189; mubasher_current_rows=184/189,3,"WATCH/BUY SETUP: RREI.CA has aligned current price data, liquidity above threshold, price above MA20/MA50, RSI 58.46, support 3.34, resistance 3.93, and evidence sources. Macro trend is Bearish; market regime is BROAD_RISK_ON; verify price action in Thndr before treating it as a swing entry.",,"Review the Telegram summary, verify in Thndr, and choose any position size manually."
20260712T140513Z_BUY_CAED.CA,2026-07-12T14:05:13.164827+00:00,PENDING_REVIEW,3,BUY,CAED.CA,74.78,80.76,71.79,LOW,32.9,BULLISH_WATCH,88.27,market_context=DELAYED; tradeable_price_tickers=174/189; mubasher_current_rows=184/189,3,"WATCH/BUY SETUP: CAED.CA has aligned current price data, liquidity above threshold, price above MA20/MA50, RSI 54.69, support 67.21, resistance 78.4, and evidence sources. Macro trend is Bearish; market regime is BROAD_RISK_ON; verify price action in Thndr before treating it as a swing entry.",,"Review the Telegram summary, verify in Thndr, and choose any position size manually."
20260712T173511Z_HOLD_NONE,2026-07-12T17:35:11.832122+00:00,NO_ACTION,,HOLD,,0,0,0,LOW,,,,market_context=DELAYED; tradeable_price_tickers=174/189; mubasher_current_rows=184/189,0,"Local fallback HOLD: no candidate passed evidence, liquidity, freshness, and technical gates.",,"No trade signal. Review watchlist, sector movement, and warnings."
20260713T084036Z_BUY_ELEC.CA,2026-07-13T08:40:36.626705+00:00,PENDING_REVIEW,1,BUY,ELEC.CA,2.19,2.37,2.1,LOW,35.9,BULLISH_WATCH,100,market_context=DELAYED; tradeable_price_tickers=182/189; mubasher_current_rows=172/189,3,"BUY SETUP: ELEC.CA has aligned current price data, liquidity above threshold, price above MA20/MA50, RSI 51.85, support 2.04, resistance 2.18, and evidence sources. Macro trend is Bullish; market regime is BROAD_RISK_ON; verify price action in Thndr before treating it as a swing entry.",,"Review the Telegram summary, verify in Thndr, and choose any position size manually."
20260713T084036Z_BUY_GDWA.CA,2026-07-13T08:40:36.628949+00:00,PENDING_REVIEW,2,BUY,GDWA.CA,0.84,0.9,0.81,LOW,33.9,BULLISH_WATCH,92.4,market_context=DELAYED; tradeable_price_tickers=182/189; mubasher_current_rows=172/189,3,"BUY SETUP: GDWA.CA has aligned current price data, liquidity above threshold, price above MA20/MA50, RSI 51.8, support 0.76, resistance 0.82, and evidence sources. Macro trend is Bullish; market regime is BROAD_RISK_ON; verify price action in Thndr before treating it as a swing entry.",,"Review the Telegram summary, verify in Thndr, and choose any position size manually."
20260713T084036Z_BUY_RAYA.CA,2026-07-13T08:40:36.631280+00:00,PENDING_REVIEW,3,BUY,RAYA.CA,8.36,9.02,8.03,LOW,30.9,BULLISH_WATCH,77,market_context=DELAYED; tradeable_price_tickers=182/189; mubasher_current_rows=172/189,3,"BUY SETUP: RAYA.CA has aligned current price data, liquidity above threshold, price above MA20/MA50, RSI 63.79, support 6.8, resistance 8.29, and evidence sources. Macro trend is Bullish; market regime is BROAD_RISK_ON; verify price action in Thndr before treating it as a swing entry.",,"Review the Telegram summary, verify in Thndr, and choose any position size manually."
20260713T094931Z_BUY_ELEC.CA,2026-07-13T09:49:31.999413+00:00,PENDING_REVIEW,1,BUY,ELEC.CA,2.18,2.36,2.09,LOW,34.4,BULLISH_WATCH,100,market_context=DELAYED; tradeable_price_tickers=180/189; mubasher_current_rows=179/189,3,"BUY SETUP: ELEC.CA has aligned current price data, liquidity above threshold, price above MA20/MA50, RSI 51.85, support 2.04, resistance 2.18, and evidence sources. Macro trend is Bullish; market regime is SELECTIVE_SWING_TRADES_ONLY; verify price action in Thndr before treating it as a swing entry.",,"Review the Telegram summary, verify in Thndr, and choose any position size manually."
20260713T094932Z_BUY_MCRO.CA,2026-07-13T09:49:32.001857+00:00,PENDING_REVIEW,2,BUY,MCRO.CA,1.33,1.43,1.28,LOW,29.58,BULLISH_WATCH,78.64,market_context=DELAYED; tradeable_price_tickers=180/189; mubasher_current_rows=179/189,3,"WATCH/BUY SETUP: MCRO.CA has aligned current price data, liquidity above threshold, price above MA20/MA50, RSI 65.52, support 1.17, resistance 1.33, and evidence sources. Macro trend is Bullish; market regime is SELECTIVE_SWING_TRADES_ONLY; verify price action in Thndr before treating it as a swing entry.",,"Review the Telegram summary, verify in Thndr, and choose any position size manually."
20260713T094932Z_BUY_COSG.CA,2026-07-13T09:49:32.004264+00:00,PENDING_REVIEW,3,BUY,COSG.CA,1.67,1.81,1.6,LOW,29.42,BULLISH_WATCH,91.64,market_context=DELAYED; tradeable_price_tickers=180/189; mubasher_current_rows=179/189,3,"BUY SETUP: COSG.CA has aligned current price data, liquidity above threshold, price above MA20/MA50, RSI 54.55, support 1.47, resistance 1.66, and evidence sources. Macro trend is Bullish; market regime is SELECTIVE_SWING_TRADES_ONLY; verify price action in Thndr before treating it as a swing entry.",,"Review the Telegram summary, verify in Thndr, and choose any position size manually."
20260713T105827Z_BUY_GDWA.CA,2026-07-13T10:58:27.878418+00:00,PENDING_REVIEW,1,BUY,GDWA.CA,0.84,0.9,0.81,LOW,32.4,BULLISH_WATCH,93.06,market_context=DELAYED; tradeable_price_tickers=179/189; mubasher_current_rows=183/189,3,"BUY SETUP: GDWA.CA has aligned current price data, liquidity above threshold, price above MA20/MA50, RSI 51.8, support 0.76, resistance 0.82, and evidence sources. Macro trend is Bullish; market regime is SELECTIVE_SWING_TRADES_ONLY; verify price action in Thndr before treating it as a swing entry.",,"Review the Telegram summary, verify in Thndr, and choose any position size manually."
20260713T105827Z_BUY_ALCN.CA,2026-07-13T10:58:27.880635+00:00,PENDING_REVIEW,2,BUY,ALCN.CA,30.25,33.03,29.04,LOW,30.34,BULLISH_WATCH,100,market_context=DELAYED; tradeable_price_tickers=179/189; mubasher_current_rows=183/189,3,"WATCH/BUY SETUP: ALCN.CA has aligned current price data, liquidity above threshold, price above MA20/MA50, RSI 66.15, support 27.7, resistance 33.2, and evidence sources. Macro trend is Bullish; market regime is SELECTIVE_SWING_TRADES_ONLY; verify price action in Thndr before treating it as a swing entry.",,"Review the Telegram summary, verify in Thndr, and choose any position size manually."
20260713T105827Z_BUY_COSG.CA,2026-07-13T10:58:27.882845+00:00,PENDING_REVIEW,3,BUY,COSG.CA,1.66,1.8,1.59,LOW,30.06,BULLISH_WATCH,92.06,market_context=DELAYED; tradeable_price_tickers=179/189; mubasher_current_rows=183/189,3,"BUY SETUP: COSG.CA has aligned current price data, liquidity above threshold, price above MA20/MA50, RSI 54.55, support 1.47, resistance 1.66, and evidence sources. Macro trend is Bullish; market regime is SELECTIVE_SWING_TRADES_ONLY; verify price action in Thndr before treating it as a swing entry.",,"Review the Telegram summary, verify in Thndr, and choose any position size manually."
20260713T152239Z_BUY_AREH.CA,2026-07-13T15:22:39.830132+00:00,PENDING_REVIEW,1,BUY,AREH.CA,1.72,1.86,1.65,LOW,32.46,BULLISH_WATCH,92.3,market_context=DELAYED; tradeable_price_tickers=178/189; mubasher_current_rows=184/189,3,"BUY SETUP: AREH.CA has aligned current price data, liquidity above threshold, price above MA20/MA50, RSI 56.0, support 1.51, resistance 1.76, and evidence sources. Macro trend is Bullish; market regime is SELECTIVE_SWING_TRADES_ONLY; verify price action in Thndr before treating it as a swing entry.",,"Review the Telegram summary, verify in Thndr, and choose any position size manually."
20260713T152239Z_BUY_GDWA.CA,2026-07-13T15:22:39.832671+00:00,PENDING_REVIEW,2,BUY,GDWA.CA,0.84,0.9,0.81,LOW,32.4,BULLISH_WATCH,93.3,market_context=DELAYED; tradeable_price_tickers=178/189; mubasher_current_rows=184/189,3,"BUY SETUP: GDWA.CA has aligned current price data, liquidity above threshold, price above MA20/MA50, RSI 51.8, support 0.76, resistance 0.82, and evidence sources. Macro trend is Bullish; market regime is SELECTIVE_SWING_TRADES_ONLY; verify price action in Thndr before treating it as a swing entry.",,"Review the Telegram summary, verify in Thndr, and choose any position size manually."
20260713T152239Z_BUY_ALCN.CA,2026-07-13T15:22:39.835195+00:00,PENDING_REVIEW,3,BUY,ALCN.CA,29.95,33.03,28.75,LOW,31.1,BULLISH_WATCH,100,market_context=DELAYED; tradeable_price_tickers=178/189; mubasher_current_rows=184/189,3,"WATCH/BUY SETUP: ALCN.CA has aligned current price data, liquidity above threshold, price above MA20/MA50, RSI 66.15, support 27.7, resistance 33.2, and evidence sources. Macro trend is Bullish; market regime is SELECTIVE_SWING_TRADES_ONLY; verify price action in Thndr before treating it as a swing entry.",,"Review the Telegram summary, verify in Thndr, and choose any position size manually."
20260713T182106Z_BUY_GDWA.CA,2026-07-13T18:21:06.335399+00:00,PENDING_REVIEW,1,BUY,GDWA.CA,0.84,0.9,0.81,LOW,32.4,BULLISH_WATCH,93.3,market_context=DELAYED; tradeable_price_tickers=178/189; mubasher_current_rows=184/189,3,"BUY SETUP: GDWA.CA has aligned current price data, liquidity above threshold, price above MA20/MA50, RSI 51.8, support 0.76, resistance 0.82, and evidence sources. Macro trend is Bullish; market regime is SELECTIVE_SWING_TRADES_ONLY; verify price action in Thndr before treating it as a swing entry.",,"Review the Telegram summary, verify in Thndr, and choose any position size manually."
20260713T182106Z_BUY_ALCN.CA,2026-07-13T18:21:06.337704+00:00,PENDING_REVIEW,2,BUY,ALCN.CA,29.95,33.03,28.75,LOW,31.1,BULLISH_WATCH,100,market_context=DELAYED; tradeable_price_tickers=178/189; mubasher_current_rows=184/189,3,"WATCH/BUY SETUP: ALCN.CA has aligned current price data, liquidity above threshold, price above MA20/MA50, RSI 66.15, support 27.7, resistance 33.2, and evidence sources. Macro trend is Bullish; market regime is SELECTIVE_SWING_TRADES_ONLY; verify price action in Thndr before treating it as a swing entry.",,"Review the Telegram summary, verify in Thndr, and choose any position size manually."
20260713T182106Z_BUY_COSG.CA,2026-07-13T18:21:06.339960+00:00,PENDING_REVIEW,3,BUY,COSG.CA,1.66,1.8,1.59,LOW,30.9,BULLISH_WATCH,92.3,market_context=DELAYED; tradeable_price_tickers=178/189; mubasher_current_rows=184/189,3,"BUY SETUP: COSG.CA has aligned current price data, liquidity above threshold, price above MA20/MA50, RSI 54.55, support 1.47, resistance 1.66, and evidence sources. Macro trend is Bullish; market regime is SELECTIVE_SWING_TRADES_ONLY; verify price action in Thndr before treating it as a swing entry.",,"Review the Telegram summary, verify in Thndr, and choose any position size manually."
20260714T073151Z_BUY_AREH.CA,2026-07-14T07:31:51.898381+00:00,PENDING_REVIEW,1,BUY,AREH.CA,1.72,1.86,1.65,LOW,32.46,BULLISH_WATCH,90.79,market_context=DELAYED; tradeable_price_tickers=176/189; mubasher_current_rows=147/189,3,"WATCH/BUY SETUP: AREH.CA has aligned current price data, liquidity above threshold, price above MA20/MA50, RSI 56.0, support 1.51, resistance 1.76, and evidence sources. Macro trend is Bearish; market regime is SELECTIVE_SWING_TRADES_ONLY; verify price action in Thndr before treating it as a swing entry.",,"Review the Telegram summary, verify in Thndr, and choose any position size manually."
20260714T073151Z_BUY_EBSC.CA,2026-07-14T07:31:51.900629+00:00,PENDING_REVIEW,2,BUY,EBSC.CA,1.93,2.24,1.86,LOW,29.4,BULLISH_WATCH,88.79,market_context=DELAYED; tradeable_price_tickers=176/189; mubasher_current_rows=147/189,3,"WATCH/BUY SETUP: EBSC.CA has aligned current price data, liquidity above threshold, price above MA20/MA50, RSI 51.95, support 1.71, resistance 2.25, and evidence sources. Macro trend is Bearish; market regime is SELECTIVE_SWING_TRADES_ONLY; verify price action in Thndr before treating it as a swing entry.",,"Review the Telegram summary, verify in Thndr, and choose any position size manually."
20260714T073151Z_BUY_DAPH.CA,2026-07-14T07:31:51.902862+00:00,PENDING_REVIEW,3,BUY,DAPH.CA,85.09,91.89,81.69,LOW,29.36,BULLISH_WATCH,84.79,market_context=DELAYED; tradeable_price_tickers=176/189; mubasher_current_rows=147/189,3,"WATCH/BUY SETUP: DAPH.CA has aligned current price data, liquidity above threshold, price above MA20/MA50, RSI 59.99, support 77.12, resistance 87.9, and evidence sources. Macro trend is Bearish; market regime is SELECTIVE_SWING_TRADES_ONLY; verify price action in Thndr before treating it as a swing entry.",,"Review the Telegram summary, verify in Thndr, and choose any position size manually."
20260714T083004Z_BUY_GDWA.CA,2026-07-14T08:30:04.811921+00:00,PENDING_REVIEW,1,BUY,GDWA.CA,0.85,0.91,0.82,LOW,30.4,BULLISH_WATCH,92.2,market_context=DELAYED; tradeable_price_tickers=175/189; mubasher_current_rows=171/189,3,"WATCH/BUY SETUP: GDWA.CA has aligned current price data, liquidity above threshold, price above MA20/MA50, RSI 51.8, support 0.76, resistance 0.82, and evidence sources. Macro trend is Bearish; market regime is SELECTIVE_SWING_TRADES_ONLY; verify price action in Thndr before treating it as a swing entry.",,"Review the Telegram summary, verify in Thndr, and choose any position size manually."
20260714T083004Z_BUY_ETEL.CA,2026-07-14T08:30:04.814211+00:00,PENDING_REVIEW,2,BUY,ETEL.CA,96.95,104.71,93.07,LOW,29.02,BULLISH_WATCH,90,market_context=DELAYED; tradeable_price_tickers=175/189; mubasher_current_rows=171/189,3,"WATCH/BUY SETUP: ETEL.CA has aligned current price data, liquidity above threshold, price above MA20/MA50, RSI 64.17, support 89.01, resistance 101.5, and evidence sources. Macro trend is Bearish; market regime is SELECTIVE_SWING_TRADES_ONLY; verify price action in Thndr before treating it as a swing entry.",,"Review the Telegram summary, verify in Thndr, and choose any position size manually."
20260714T083004Z_BUY_COSG.CA,2026-07-14T08:30:04.816470+00:00,PENDING_REVIEW,3,BUY,COSG.CA,1.69,1.83,1.62,LOW,28.54,BULLISH_WATCH,79.2,market_context=DELAYED; tradeable_price_tickers=175/189; mubasher_current_rows=171/189,3,"WATCH/BUY SETUP: COSG.CA has aligned current price data, liquidity above threshold, price above MA20/MA50, RSI 54.55, support 1.47, resistance 1.66, and evidence sources. Macro trend is Bearish; market regime is SELECTIVE_SWING_TRADES_ONLY; verify price action in Thndr before treating it as a swing entry.",,"Review the Telegram summary, verify in Thndr, and choose any position size manually."
20260714T095710Z_BUY_GDWA.CA,2026-07-14T09:57:10.810185+00:00,PENDING_REVIEW,1,BUY,GDWA.CA,0.84,0.9,0.81,LOW,31.96,BULLISH_WATCH,92.09,market_context=DELAYED; tradeable_price_tickers=177/189; mubasher_current_rows=179/189,3,"WATCH/BUY SETUP: GDWA.CA has aligned current price data, liquidity above threshold, price above MA20/MA50, RSI 58.39, support 0.76, resistance 0.87, and evidence sources. Macro trend is Bearish; market regime is SELECTIVE_SMALL_MID_SWINGS; verify price action in Thndr before treating it as a swing entry.",,"Review the Telegram summary, verify in Thndr, and choose any position size manually."
20260714T095710Z_BUY_RAYA.CA,2026-07-14T09:57:10.812460+00:00,PENDING_REVIEW,2,BUY,RAYA.CA,8.1,8.74,7.78,LOW,31.4,BULLISH_WATCH,84,market_context=DELAYED; tradeable_price_tickers=177/189; mubasher_current_rows=179/189,3,"WATCH/BUY SETUP: RAYA.CA has aligned current price data, liquidity above threshold, price above MA20/MA50, RSI 64.14, support 6.8, resistance 8.49, and evidence sources. Macro trend is Bearish; market regime is SELECTIVE_SMALL_MID_SWINGS; verify price action in Thndr before treating it as a swing entry.",,"Review the Telegram summary, verify in Thndr, and choose any position size manually."
20260714T095710Z_BUY_ADPC.CA,2026-07-14T09:57:10.814736+00:00,PENDING_REVIEW,3,BUY,ADPC.CA,3.8,4.1,3.65,LOW,31.22,BULLISH_WATCH,83.09,market_context=DELAYED; tradeable_price_tickers=177/189; mubasher_current_rows=179/189,3,"WATCH/BUY SETUP: ADPC.CA has aligned current price data, liquidity above threshold, price above MA20/MA50, RSI 42.45, support 3.32, resistance 3.94, and evidence sources. Macro trend is Bearish; market regime is SELECTIVE_SMALL_MID_SWINGS; verify price action in Thndr before treating it as a swing entry.",,"Review the Telegram summary, verify in Thndr, and choose any position size manually."
20260714T142518Z_BUY_EPCO.CA,2026-07-14T14:25:18.396579+00:00,PENDING_REVIEW,1,BUY,EPCO.CA,10.15,10.97,9.74,LOW,33.4,BULLISH_WATCH,91.41,market_context=DELAYED; tradeable_price_tickers=177/189; mubasher_current_rows=184/189,3,"WATCH/BUY SETUP: EPCO.CA has aligned current price data, liquidity above threshold, price above MA20/MA50, RSI 61.23, support 8.5, resistance 9.8, and evidence sources. Macro trend is Bearish; market regime is SELECTIVE_SMALL_MID_SWINGS; verify price action in Thndr before treating it as a swing entry.",,"Review the Telegram summary, verify in Thndr, and choose any position size manually."
20260714T142518Z_BUY_AREH.CA,2026-07-14T14:25:18.398937+00:00,PENDING_REVIEW,2,BUY,AREH.CA,1.72,1.86,1.65,LOW,32.46,BULLISH_WATCH,91.41,market_context=DELAYED; tradeable_price_tickers=177/189; mubasher_current_rows=184/189,3,"WATCH/BUY SETUP: AREH.CA has aligned current price data, liquidity above threshold, price above MA20/MA50, RSI 56.0, support 1.51, resistance 1.76, and evidence sources. Macro trend is Bearish; market regime is SELECTIVE_SMALL_MID_SWINGS; verify price action in Thndr before treating it as a swing entry.",,"Review the Telegram summary, verify in Thndr, and choose any position size manually."
20260714T142518Z_BUY_GDWA.CA,2026-07-14T14:25:18.401271+00:00,PENDING_REVIEW,3,BUY,GDWA.CA,0.84,0.9,0.81,LOW,32.4,BULLISH_WATCH,92.41,market_context=DELAYED; tradeable_price_tickers=177/189; mubasher_current_rows=184/189,3,"WATCH/BUY SETUP: GDWA.CA has aligned current price data, liquidity above threshold, price above MA20/MA50, RSI 58.39, support 0.76, resistance 0.87, and evidence sources. Macro trend is Bearish; market regime is SELECTIVE_SMALL_MID_SWINGS; verify price action in Thndr before treating it as a swing entry.",,"Review the Telegram summary, verify in Thndr, and choose any position size manually."
20260714T174442Z_HOLD_NONE,2026-07-14T17:44:42.623525+00:00,NO_ACTION,,HOLD,,0,0,0,LOW,,,,market_context=DELAYED; tradeable_price_tickers=178/189; mubasher_current_rows=184/189,0,"Local fallback HOLD: no candidate passed evidence, liquidity, freshness, and technical gates.",,"No trade signal. Review watchlist, sector movement, and warnings."
20260715T073641Z_BUY_AFDI.CA,2026-07-15T07:36:41.286424+00:00,PENDING_REVIEW,1,BUY,AFDI.CA,47.44,51.24,45.54,LOW,29.72,BULLISH_WATCH,90.31,market_context=DELAYED; tradeable_price_tickers=174/189; mubasher_current_rows=140/189,3,"WATCH/BUY SETUP: AFDI.CA has aligned current price data, liquidity above threshold, price above MA20/MA50, RSI 60.65, support 41.84, resistance 48.89, and evidence sources. Macro trend is Bullish; market regime is SELECTIVE_SMALL_MID_SWINGS; verify price action in Thndr before treating it as a swing entry.",OpenRouter API error: 429,"Review the Telegram summary, verify in Thndr, and choose any position size manually."
20260715T073641Z_BUY_RAYA.CA,2026-07-15T07:36:41.288286+00:00,PENDING_REVIEW,2,BUY,RAYA.CA,8.1,8.74,7.78,LOW,29.36,BULLISH_WATCH,83.54,market_context=DELAYED; tradeable_price_tickers=174/189; mubasher_current_rows=140/189,3,"WATCH/BUY SETUP: RAYA.CA has aligned current price data, liquidity above threshold, price above MA20/MA50, RSI 64.14, support 6.8, resistance 8.49, and evidence sources. Macro trend is Bullish; market regime is SELECTIVE_SMALL_MID_SWINGS; verify price action in Thndr before treating it as a swing entry.",OpenRouter API error: 429,"Review the Telegram summary, verify in Thndr, and choose any position size manually."
20260715T073641Z_BUY_AREH.CA,2026-07-15T07:36:41.290122+00:00,PENDING_REVIEW,3,BUY,AREH.CA,1.72,1.86,1.65,LOW,28.4,BULLISH_WATCH,73.31,market_context=DELAYED; tradeable_price_tickers=174/189; mubasher_current_rows=140/189,3,"WATCH/BUY SETUP: AREH.CA has aligned current price data, liquidity above threshold, price above MA20/MA50, RSI 56.0, support 1.51, resistance 1.76, and evidence sources. Macro trend is Bullish; market regime is SELECTIVE_SMALL_MID_SWINGS; verify price action in Thndr before treating it as a swing entry.",OpenRouter API error: 429,"Review the Telegram summary, verify in Thndr, and choose any position size manually."
20260715T083719Z_BUY_SWDY.CA,2026-07-15T08:37:19.785691+00:00,PENDING_REVIEW,1,BUY,SWDY.CA,91.02,98.3,87.38,LOW,30.8,BULLISH_WATCH,100,market_context=DELAYED; tradeable_price_tickers=180/189; mubasher_current_rows=178/189,3,"BUY SETUP: SWDY.CA has aligned current price data, liquidity above threshold, price above MA20/MA50, RSI 52.01, support 84.3, resistance 90.97, and evidence sources. Macro trend is Bullish; market regime is SELECTIVE_SWING_TRADES_ONLY; verify price action in Thndr before treating it as a swing entry.",OpenRouter API error: 429,"Review the Telegram summary, verify in Thndr, and choose any position size manually."
20260715T083719Z_BUY_MEPA.CA,2026-07-15T08:37:19.788170+00:00,PENDING_REVIEW,2,BUY,MEPA.CA,1.7,1.84,1.63,LOW,29.5,BULLISH_WATCH,88.65,market_context=DELAYED; tradeable_price_tickers=180/189; mubasher_current_rows=178/189,3,"BUY SETUP: MEPA.CA has aligned current price data, liquidity above threshold, price above MA20/MA50, RSI 53.12, support 1.52, resistance 1.74, and evidence sources. Macro trend is Bullish; market regime is SELECTIVE_SWING_TRADES_ONLY; verify price action in Thndr before treating it as a swing entry.",OpenRouter API error: 429,"Review the Telegram summary, verify in Thndr, and choose any position size manually."
20260715T083719Z_BUY_UNIP.CA,2026-07-15T08:37:19.790656+00:00,PENDING_REVIEW,3,BUY,UNIP.CA,0.35,0.37,0.34,LOW,29.3,BULLISH_WATCH,74.65,market_context=DELAYED; tradeable_price_tickers=180/189; mubasher_current_rows=178/189,3,"BUY SETUP: UNIP.CA has aligned current price data, liquidity above threshold, price above MA20/MA50, RSI 61.36, support 0.29, resistance 0.35, and evidence sources. Macro trend is Bullish; market regime is SELECTIVE_SWING_TRADES_ONLY; verify price action in Thndr before treating it as a swing entry.",OpenRouter API error: 429,"Review the Telegram summary, verify in Thndr, and choose any position size manually."
20260715T100246Z_BUY_UNIP.CA,2026-07-15T10:02:46.568541+00:00,PENDING_REVIEW,1,BUY,UNIP.CA,0.35,0.37,0.34,LOW,30.38,BULLISH_WATCH,86.97,market_context=DELAYED; tradeable_price_tickers=173/189; mubasher_current_rows=180/189,3,"BUY SETUP: UNIP.CA has aligned current price data, liquidity above threshold, price above MA20/MA50, RSI 61.36, support 0.29, resistance 0.35, and evidence sources. Macro trend is Bullish; market regime is SELECTIVE_SWING_TRADES_ONLY; verify price action in Thndr before treating it as a swing entry.",,"Review the Telegram summary, verify in Thndr, and choose any position size manually."
20260715T142308Z_BUY_OFH.CA,2026-07-15T14:23:08.759933+00:00,PENDING_REVIEW,1,BUY,OFH.CA,0.66,0.72,0.63,LOW,33.4,BULLISH_WATCH,82.75,market_context=DELAYED; tradeable_price_tickers=167/189; mubasher_current_rows=183/189,3,"BUY SETUP: OFH.CA has aligned current price data, liquidity above threshold, price above MA20/MA50, RSI 63.89, support 0.57, resistance 0.65, and evidence sources. Macro trend is Bullish; market regime is SELECTIVE_SWING_TRADES_ONLY; verify price action in Thndr before treating it as a swing entry.",,"Review the Telegram summary, verify in Thndr, and choose any position size manually."
20260715T142308Z_BUY_ELEC.CA,2026-07-15T14:23:08.762150+00:00,PENDING_REVIEW,2,BUY,ELEC.CA,2.22,2.4,2.13,LOW,33.4,BULLISH_WATCH,100,market_context=DELAYED; tradeable_price_tickers=167/189; mubasher_current_rows=183/189,3,"BUY SETUP: ELEC.CA has aligned current price data, liquidity above threshold, price above MA20/MA50, RSI 53.57, support 2.04, resistance 2.21, and evidence sources. Macro trend is Bullish; market regime is SELECTIVE_SWING_TRADES_ONLY; verify price action in Thndr before treating it as a swing entry.",,"Review the Telegram summary, verify in Thndr, and choose any position size manually."
20260715T142308Z_BUY_GBCO.CA,2026-07-15T14:23:08.764382+00:00,PENDING_REVIEW,3,BUY,GBCO.CA,33.3,35.96,31.97,LOW,31.4,BULLISH_WATCH,100,market_context=DELAYED; tradeable_price_tickers=167/189; mubasher_current_rows=183/189,3,"BUY SETUP: GBCO.CA has aligned current price data, liquidity above threshold, price above MA20/MA50, RSI 55.44, support 27.77, resistance 32.49, and evidence sources. Macro trend is Bullish; market regime is SELECTIVE_SWING_TRADES_ONLY; verify price action in Thndr before treating it as a swing entry.",,"Review the Telegram summary, verify in Thndr, and choose any position size manually."
20260715T174857Z_BUY_OFH.CA,2026-07-15T17:48:57.128538+00:00,PENDING_REVIEW,1,BUY,OFH.CA,0.66,0.72,0.63,LOW,33.4,BULLISH_WATCH,82.75,market_context=DELAYED; tradeable_price_tickers=167/189; mubasher_current_rows=183/189,3,"BUY SETUP: OFH.CA has aligned current price data, liquidity above threshold, price above MA20/MA50, RSI 63.89, support 0.57, resistance 0.65, and evidence sources. Macro trend is Bullish; market regime is SELECTIVE_SWING_TRADES_ONLY; verify price action in Thndr before treating it as a swing entry.",,"Review the Telegram summary, verify in Thndr, and choose any position size manually."
20260715T174857Z_BUY_GBCO.CA,2026-07-15T17:48:57.130477+00:00,PENDING_REVIEW,2,BUY,GBCO.CA,33.3,35.96,31.97,LOW,31.4,BULLISH_WATCH,100,market_context=DELAYED; tradeable_price_tickers=167/189; mubasher_current_rows=183/189,3,"BUY SETUP: GBCO.CA has aligned current price data, liquidity above threshold, price above MA20/MA50, RSI 55.44, support 27.77, resistance 32.49, and evidence sources. Macro trend is Bullish; market regime is SELECTIVE_SWING_TRADES_ONLY; verify price action in Thndr before treating it as a swing entry.",,"Review the Telegram summary, verify in Thndr, and choose any position size manually."
20260716T074107Z_HOLD_NONE,2026-07-16T07:41:07.567435+00:00,NO_ACTION,,HOLD,,0,0,0,LOW,,,,market_context=DELAYED; tradeable_price_tickers=159/189; mubasher_current_rows=161/189,0,"Local scanner HOLD: EGX30/EGX70 regime and sector breadth are defensive, so no new BUY is allowed.",,"No trade signal. Review watchlist, sector movement, and warnings."
20260716T083510Z_BUY_ELEC.CA,2026-07-16T08:35:10.804445+00:00,PENDING_REVIEW,1,BUY,ELEC.CA,2.22,2.4,2.13,LOW,29.68,BULLISH_WATCH,100,market_context=DELAYED; tradeable_price_tickers=163/189; mubasher_current_rows=178/189,3,"BUY SETUP: ELEC.CA has aligned current price data, liquidity above threshold, price above MA20/MA50, RSI 53.57, support 2.04, resistance 2.21, and evidence sources. Macro trend is Bullish; market regime is SELECTIVE_SWING_TRADES_ONLY; verify price action in Thndr before treating it as a swing entry.",OpenRouter API error: 429,"Review the Telegram summary, verify in Thndr, and choose any position size manually."
20260716T083510Z_BUY_SWDY.CA,2026-07-16T08:35:10.806919+00:00,PENDING_REVIEW,2,BUY,SWDY.CA,91.25,98.55,87.6,LOW,28.36,BULLISH_WATCH,88.75,market_context=DELAYED; tradeable_price_tickers=163/189; mubasher_current_rows=178/189,3,"BUY SETUP: SWDY.CA has aligned current price data, liquidity above threshold, price above MA20/MA50, RSI 52.01, support 84.3, resistance 90.97, and evidence sources. Macro trend is Bullish; market regime is SELECTIVE_SWING_TRADES_ONLY; verify price action in Thndr before treating it as a swing entry.",OpenRouter API error: 429,"Review the Telegram summary, verify in Thndr, and choose any position size manually."
20260716T083510Z_BUY_RAYA.CA,2026-07-16T08:35:10.809343+00:00,PENDING_REVIEW,3,BUY,RAYA.CA,7.99,8.63,7.67,LOW,27.4,BULLISH_WATCH,81.8,market_context=DELAYED; tradeable_price_tickers=163/189; mubasher_current_rows=178/189,3,"WATCH/BUY SETUP: RAYA.CA has aligned current price data, liquidity above threshold, price above MA20/MA50, RSI 67.94, support 6.8, resistance 8.49, and evidence sources. Macro trend is Bullish; market regime is SELECTIVE_SWING_TRADES_ONLY; verify price action in Thndr before treating it as a swing entry.",OpenRouter API error: 429,"Review the Telegram summary, verify in Thndr, and choose any position size manually."
20260716T100655Z_BUY_GBCO.CA,2026-07-16T10:06:55.627498+00:00,PENDING_REVIEW,1,BUY,GBCO.CA,32.7,35.32,31.39,LOW,31.9,BULLISH_WATCH,84,market_context=DELAYED; tradeable_price_tickers=175/189; mubasher_current_rows=182/189,3,"BUY SETUP: GBCO.CA has aligned current price data, liquidity above threshold, price above MA20/MA50, RSI 62.69, support 28.33, resistance 34.2, and evidence sources. Macro trend is Bullish; market regime is BROAD_RISK_ON; verify price action in Thndr before treating it as a swing entry.",,"Review the Telegram summary, verify in Thndr, and choose any position size manually."
20260716T100655Z_BUY_MEPA.CA,2026-07-16T10:06:55.629695+00:00,PENDING_REVIEW,2,BUY,MEPA.CA,1.69,1.83,1.62,LOW,31.22,BULLISH_WATCH,89.92,market_context=DELAYED; tradeable_price_tickers=175/189; mubasher_current_rows=182/189,3,"BUY SETUP: MEPA.CA has aligned current price data, liquidity above threshold, price above MA20/MA50, RSI 63.89, support 1.52, resistance 1.74, and evidence sources. Macro trend is Bullish; market regime is BROAD_RISK_ON; verify price action in Thndr before treating it as a swing entry.",,"Review the Telegram summary, verify in Thndr, and choose any position size manually."
20260716T143314Z_BUY_ELEC.CA,2026-07-16T14:33:14.978794+00:00,PENDING_REVIEW,1,BUY,ELEC.CA,2.2,2.38,2.11,LOW,35.98,BULLISH_WATCH,100,market_context=DELAYED; tradeable_price_tickers=174/189; mubasher_current_rows=184/189,3,"BUY SETUP: ELEC.CA has aligned current price data, liquidity above threshold, price above MA20/MA50, RSI 63.89, support 2.04, resistance 2.25, and evidence sources. Macro trend is Bullish; market regime is BROAD_RISK_ON; verify price action in Thndr before treating it as a swing entry.",OpenRouter API error: 429,"Review the Telegram summary, verify in Thndr, and choose any position size manually."
20260716T143314Z_BUY_SIPC.CA,2026-07-16T14:33:14.981280+00:00,PENDING_REVIEW,2,BUY,SIPC.CA,3.79,4.09,3.64,LOW,34.9,BULLISH_WATCH,89.47,market_context=DELAYED; tradeable_price_tickers=174/189; mubasher_current_rows=184/189,3,"BUY SETUP: SIPC.CA has aligned current price data, liquidity above threshold, price above MA20/MA50, RSI 62.65, support 3.25, resistance 3.66, and evidence sources. Macro trend is Bullish; market regime is BROAD_RISK_ON; verify price action in Thndr before treating it as a swing entry.",OpenRouter API error: 429,"Review the Telegram summary, verify in Thndr, and choose any position size manually."
20260716T143314Z_BUY_MEPA.CA,2026-07-16T14:33:14.983697+00:00,PENDING_REVIEW,3,BUY,MEPA.CA,1.7,1.84,1.63,LOW,32.44,BULLISH_WATCH,95.47,market_context=DELAYED; tradeable_price_tickers=174/189; mubasher_current_rows=184/189,3,"BUY SETUP: MEPA.CA has aligned current price data, liquidity above threshold, price above MA20/MA50, RSI 63.89, support 1.52, resistance 1.74, and evidence sources. Macro trend is Bullish; market regime is BROAD_RISK_ON; verify price action in Thndr before treating it as a swing entry.",OpenRouter API error: 429,"Review the Telegram summary, verify in Thndr, and choose any position size manually."
20260716T174843Z_BUY_ELEC.CA,2026-07-16T17:48:43.702836+00:00,PENDING_REVIEW,1,BUY,ELEC.CA,2.2,2.38,2.11,LOW,35.98,BULLISH_WATCH,100,market_context=DELAYED; tradeable_price_tickers=174/189; mubasher_current_rows=184/189,3,"BUY SETUP: ELEC.CA has aligned current price data, liquidity above threshold, price above MA20/MA50, RSI 63.89, support 2.04, resistance 2.25, and evidence sources. Macro trend is Bullish; market regime is BROAD_RISK_ON; verify price action in Thndr before treating it as a swing entry.",OpenRouter API error: 429,"Review the Telegram summary, verify in Thndr, and choose any position size manually."
20260716T174843Z_BUY_SIPC.CA,2026-07-16T17:48:43.705399+00:00,PENDING_REVIEW,2,BUY,SIPC.CA,3.79,4.09,3.64,LOW,34.9,BULLISH_WATCH,89.47,market_context=DELAYED; tradeable_price_tickers=174/189; mubasher_current_rows=184/189,3,"BUY SETUP: SIPC.CA has aligned current price data, liquidity above threshold, price above MA20/MA50, RSI 62.65, support 3.25, resistance 3.66, and evidence sources. Macro trend is Bullish; market regime is BROAD_RISK_ON; verify price action in Thndr before treating it as a swing entry.",OpenRouter API error: 429,"Review the Telegram summary, verify in Thndr, and choose any position size manually."
20260716T174843Z_BUY_MEPA.CA,2026-07-16T17:48:43.708018+00:00,PENDING_REVIEW,3,BUY,MEPA.CA,1.7,1.84,1.63,LOW,32.44,BULLISH_WATCH,95.47,market_context=DELAYED; tradeable_price_tickers=174/189; mubasher_current_rows=184/189,3,"BUY SETUP: MEPA.CA has aligned current price data, liquidity above threshold, price above MA20/MA50, RSI 63.89, support 1.52, resistance 1.74, and evidence sources. Macro trend is Bullish; market regime is BROAD_RISK_ON; verify price action in Thndr before treating it as a swing entry.",OpenRouter API error: 429,"Review the Telegram summary, verify in Thndr, and choose any position size manually."
20260719T075401Z_BUY_SCEM.CA,2026-07-19T07:54:01.336038+00:00,PENDING_REVIEW,1,BUY,SCEM.CA,68.0,73.44,65.28,LOW,27.9,CONSTRUCTIVE,68.59,market_context=DELAYED; tradeable_price_tickers=176/189; mubasher_current_rows=176/189,3,"WATCH/BUY SETUP: SCEM.CA has aligned current price data, liquidity above threshold, price above MA20/MA50, RSI 64.9, support 60.14, resistance 67.55, and evidence sources. Macro trend is Bearish; market regime is SELECTIVE_SWING_TRADES_ONLY; verify price action in Thndr before treating it as a swing entry.",,"Review the Telegram summary, verify in Thndr, and choose any position size manually."
20260719T075401Z_BUY_NCCW.CA,2026-07-19T07:54:01.338369+00:00,PENDING_REVIEW,2,BUY,NCCW.CA,6.81,7.35,6.54,LOW,27.02,BULLISH_WATCH,70.56,market_context=DELAYED; tradeable_price_tickers=176/189; mubasher_current_rows=176/189,3,"WATCH/BUY SETUP: NCCW.CA has aligned current price data, liquidity above threshold, price above MA20/MA50, RSI 60.73, support 5.82, resistance 6.97, and evidence sources. Macro trend is Bearish; market regime is SELECTIVE_SWING_TRADES_ONLY; verify price action in Thndr before treating it as a swing entry.",,"Review the Telegram summary, verify in Thndr, and choose any position size manually."
20260719T075401Z_BUY_TMGH.CA,2026-07-19T07:54:01.340631+00:00,PENDING_REVIEW,3,BUY,TMGH.CA,100.03,108.03,96.03,LOW,26.4,BULLISH_WATCH,72.36,market_context=DELAYED; tradeable_price_tickers=176/189; mubasher_current_rows=176/189,3,"WATCH/BUY SETUP: TMGH.CA has aligned current price data, liquidity above threshold, price above MA20/MA50, RSI 65.72, support 92.1, resistance 103.5, and evidence sources. Macro trend is Bearish; market regime is SELECTIVE_SWING_TRADES_ONLY; verify price action in Thndr before treating it as a swing entry.",,"Review the Telegram summary, verify in Thndr, and choose any position size manually."
20260719T084223Z_HOLD_NONE,2026-07-19T08:42:23.587460+00:00,NO_ACTION,,HOLD,,0,0,0,LOW,,,,market_context=MISSING; tradeable_price_tickers=173/189; mubasher_current_rows=173/189,0,"Local fallback HOLD: macro source is missing, so no new BUY is allowed.",,"No trade signal. Review watchlist, sector movement, and warnings."
20260719T095054Z_BUY_ELEC.CA,2026-07-19T09:50:54.375492+00:00,PENDING_REVIEW,1,BUY,ELEC.CA,2.28,2.46,2.19,LOW,33.4,BULLISH_WATCH,94,market_context=DELAYED; tradeable_price_tickers=171/189; mubasher_current_rows=179/189,3,"WATCH/BUY SETUP: ELEC.CA has aligned current price data, liquidity above threshold, price above MA20/MA50, RSI 63.89, support 2.04, resistance 2.26, and evidence sources. Macro trend is Bearish; market regime is SELECTIVE_SWING_TRADES_ONLY; verify price action in Thndr before treating it as a swing entry.",,"Review the Telegram summary, verify in Thndr, and choose any position size manually."
20260719T095054Z_BUY_SWDY.CA,2026-07-19T09:50:54.378113+00:00,PENDING_REVIEW,2,BUY,SWDY.CA,92.91,100.35,89.19,LOW,31.58,BULLISH_WATCH,100,market_context=DELAYED; tradeable_price_tickers=171/189; mubasher_current_rows=179/189,3,"WATCH/BUY SETUP: SWDY.CA has aligned current price data, liquidity above threshold, price above MA20/MA50, RSI 66.59, support 84.3, resistance 91.5, and evidence sources. Macro trend is Bearish; market regime is SELECTIVE_SWING_TRADES_ONLY; verify price action in Thndr before treating it as a swing entry.",,"Review the Telegram summary, verify in Thndr, and choose any position size manually."
20260719T095054Z_BUY_PHAR.CA,2026-07-19T09:50:54.380729+00:00,PENDING_REVIEW,3,BUY,PHAR.CA,91.24,98.54,87.59,LOW,30.4,BULLISH_WATCH,94.77,market_context=DELAYED; tradeable_price_tickers=171/189; mubasher_current_rows=179/189,3,"WATCH/BUY SETUP: PHAR.CA has aligned current price data, liquidity above threshold, price above MA20/MA50, RSI 51.65, support 83.6, resistance 90.48, and evidence sources. Macro trend is Bearish; market regime is SELECTIVE_SWING_TRADES_ONLY; verify price action in Thndr before treating it as a swing entry.",,"Review the Telegram summary, verify in Thndr, and choose any position size manually."
20260719T140521Z_HOLD_NONE,2026-07-19T14:05:21.510928+00:00,NO_ACTION,,HOLD,,0,0,0,LOW,,,,market_context=DELAYED; tradeable_price_tickers=168/189; mubasher_current_rows=184/189,0,"Local fallback HOLD: no candidate passed evidence, liquidity, freshness, and technical gates.",,"No trade signal. Review watchlist, sector movement, and warnings."
20260719T173606Z_BUY_ELEC.CA,2026-07-19T17:36:06.980811+00:00,PENDING_REVIEW,1,BUY,ELEC.CA,2.27,2.45,2.18,LOW,32.4,BULLISH_WATCH,94,market_context=DELAYED; tradeable_price_tickers=168/189; mubasher_current_rows=184/189,3,"WATCH/BUY SETUP: ELEC.CA has aligned current price data, liquidity above threshold, price above MA20/MA50, RSI 63.89, support 2.04, resistance 2.26, and evidence sources. Macro trend is Bearish; market regime is SELECTIVE_SWING_TRADES_ONLY; verify price action in Thndr before treating it as a swing entry.",,"Review the Telegram summary, verify in Thndr, and choose any position size manually."
20260719T173606Z_BUY_SWDY.CA,2026-07-19T17:36:06.982677+00:00,PENDING_REVIEW,2,BUY,SWDY.CA,91.52,98.84,87.86,LOW,31.44,BULLISH_WATCH,100,market_context=DELAYED; tradeable_price_tickers=168/189; mubasher_current_rows=184/189,3,"WATCH/BUY SETUP: SWDY.CA has aligned current price data, liquidity above threshold, price above MA20/MA50, RSI 66.59, support 84.3, resistance 91.5, and evidence sources. Macro trend is Bearish; market regime is SELECTIVE_SWING_TRADES_ONLY; verify price action in Thndr before treating it as a swing entry.",,"Review the Telegram summary, verify in Thndr, and choose any position size manually."
20260719T173606Z_BUY_PHAR.CA,2026-07-19T17:36:06.984515+00:00,PENDING_REVIEW,3,BUY,PHAR.CA,90.88,98.16,87.24,LOW,31.4,BULLISH_WATCH,95.3,market_context=DELAYED; tradeable_price_tickers=168/189; mubasher_current_rows=184/189,3,"WATCH/BUY SETUP: PHAR.CA has aligned current price data, liquidity above threshold, price above MA20/MA50, RSI 51.65, support 83.6, resistance 90.48, and evidence sources. Macro trend is Bearish; market regime is SELECTIVE_SWING_TRADES_ONLY; verify price action in Thndr before treating it as a swing entry.",,"Review the Telegram summary, verify in Thndr, and choose any position size manually."
20260720T083627Z_HOLD_NONE,2026-07-20T08:36:27.403581+00:00,NO_ACTION,,HOLD,,0,0,0,LOW,,,,market_context=DELAYED; tradeable_price_tickers=173/189; mubasher_current_rows=175/189,0,"Local fallback HOLD: no candidate passed evidence, liquidity, freshness, and technical gates.",,"No trade signal. Review watchlist, sector movement, and warnings."
20260720T093728Z_BUY_ARCC.CA,2026-07-20T09:37:28.260420+00:00,PENDING_REVIEW,1,BUY,ARCC.CA,56.93,61.49,54.65,LOW,29.4,BULLISH_WATCH,89.76,market_context=DELAYED; tradeable_price_tickers=171/189; mubasher_current_rows=181/189,3,"BUY SETUP: ARCC.CA has aligned current price data, liquidity above threshold, price above MA20/MA50, RSI 55.7, support 53.0, resistance 56.7, and evidence sources. Macro trend is Bullish; market regime is SELECTIVE_SWING_TRADES_ONLY; verify price action in Thndr before treating it as a swing entry.",,"Review the Telegram summary, verify in Thndr, and choose any position size manually."
20260720T105221Z_BUY_ARCC.CA,2026-07-20T10:52:21.718780+00:00,PENDING_REVIEW,1,BUY,ARCC.CA,56.79,61.33,54.52,LOW,29.4,BULLISH_WATCH,89.56,market_context=DELAYED; tradeable_price_tickers=169/189; mubasher_current_rows=184/189,3,"BUY SETUP: ARCC.CA has aligned current price data, liquidity above threshold, price above MA20/MA50, RSI 55.7, support 53.0, resistance 56.7, and evidence sources. Macro trend is Bullish; market regime is SELECTIVE_SWING_TRADES_ONLY; verify price action in Thndr before treating it as a swing entry.",,"Review the Telegram summary, verify in Thndr, and choose any position size manually."
20260720T144251Z_BUY_ARCC.CA,2026-07-20T14:42:51.312025+00:00,PENDING_REVIEW,1,BUY,ARCC.CA,57.18,61.76,54.89,LOW,29.4,BULLISH_WATCH,89.91,market_context=DELAYED; tradeable_price_tickers=165/189; mubasher_current_rows=184/189,3,"BUY SETUP: ARCC.CA has aligned current price data, liquidity above threshold, price above MA20/MA50, RSI 55.7, support 53.0, resistance 56.7, and evidence sources. Macro trend is Bullish; market regime is SELECTIVE_SWING_TRADES_ONLY; verify price action in Thndr before treating it as a swing entry.",,"Review the Telegram summary, verify in Thndr, and choose any position size manually."
20260720T144251Z_BUY_EALR.CA,2026-07-20T14:42:51.314397+00:00,PENDING_REVIEW,2,BUY,EALR.CA,372.51,422.88,357.61,LOW,29.4,BULLISH_WATCH,80.77,market_context=DELAYED; tradeable_price_tickers=165/189; mubasher_current_rows=184/189,3,"WATCH/BUY SETUP: EALR.CA has aligned current price data, liquidity above threshold, price above MA20/MA50, RSI 65.29, support 332.0, resistance 425.0, and evidence sources. Macro trend is Bullish; market regime is SELECTIVE_SWING_TRADES_ONLY; verify price action in Thndr before treating it as a swing entry.",,"Review the Telegram summary, verify in Thndr, and choose any position size manually."
20260720T183759Z_BUY_OIH.CA,2026-07-20T18:37:59.463351+00:00,PENDING_REVIEW,1,BUY,OIH.CA,1.47,1.59,1.41,LOW,31.68,BULLISH_WATCH,100,market_context=DELAYED; tradeable_price_tickers=165/189; mubasher_current_rows=182/189,3,"BUY SETUP: OIH.CA has aligned current price data, liquidity above threshold, price above MA20/MA50, RSI 60.0, support 1.35, resistance 1.43, and evidence sources. Macro trend is Bullish; market regime is SELECTIVE_SWING_TRADES_ONLY; verify price action in Thndr before treating it as a swing entry.",,"Review the Telegram summary, verify in Thndr, and choose any position size manually."
20260720T183759Z_BUY_ARCC.CA,2026-07-20T18:37:59.465353+00:00,PENDING_REVIEW,2,BUY,ARCC.CA,57.18,61.76,54.89,LOW,29.4,BULLISH_WATCH,89.91,market_context=DELAYED; tradeable_price_tickers=165/189; mubasher_current_rows=182/189,3,"BUY SETUP: ARCC.CA has aligned current price data, liquidity above threshold, price above MA20/MA50, RSI 55.7, support 53.0, resistance 56.7, and evidence sources. Macro trend is Bullish; market regime is SELECTIVE_SWING_TRADES_ONLY; verify price action in Thndr before treating it as a swing entry.",,"Review the Telegram summary, verify in Thndr, and choose any position size manually."
20260720T183759Z_BUY_EALR.CA,2026-07-20T18:37:59.467345+00:00,PENDING_REVIEW,3,BUY,EALR.CA,372.51,422.88,357.61,LOW,29.4,BULLISH_WATCH,80.77,market_context=DELAYED; tradeable_price_tickers=165/189; mubasher_current_rows=182/189,3,"WATCH/BUY SETUP: EALR.CA has aligned current price data, liquidity above threshold, price above MA20/MA50, RSI 65.29, support 332.0, resistance 425.0, and evidence sources. Macro trend is Bullish; market regime is SELECTIVE_SWING_TRADES_ONLY; verify price action in Thndr before treating it as a swing entry.",,"Review the Telegram summary, verify in Thndr, and choose any position size manually."
20260721T102741Z_HOLD_NONE,2026-07-21T10:27:41.263739+00:00,NO_ACTION,,HOLD,,0,0,0,LOW,,,,market_context=DELAYED; tradeable_price_tickers=171/189; mubasher_current_rows=182/189,0,"Local fallback HOLD: no candidate passed evidence, liquidity, freshness, and technical gates.",,"No trade signal. Review watchlist, sector movement, and warnings."
20260721T144059Z_HOLD_NONE,2026-07-21T14:40:59.351114+00:00,NO_ACTION,,HOLD,,0,0,0,LOW,,,,market_context=MISSING; tradeable_price_tickers=172/189; mubasher_current_rows=184/189,0,"Local fallback HOLD: macro source is missing, so no new BUY is allowed.",,"No trade signal. Review watchlist, sector movement, and warnings."
20260721T175511Z_BUY_ADIB.CA,2026-07-21T17:55:11.474280+00:00,PENDING_REVIEW,1,BUY,ADIB.CA,49.3,53.24,47.33,LOW,29.4,BULLISH_WATCH,96.05,market_context=DELAYED; tradeable_price_tickers=172/189; mubasher_current_rows=184/189,3,"BUY SETUP: ADIB.CA has aligned current price data, liquidity above threshold, price above MA20/MA50, RSI 57.06, support 44.1, resistance 48.49, and evidence sources. Macro trend is Bullish; market regime is SELECTIVE_SWING_TRADES_ONLY; verify price action in Thndr before treating it as a swing entry.",,"Review the Telegram summary, verify in Thndr, and choose any position size manually."
20260721T175511Z_BUY_DAPH.CA,2026-07-21T17:55:11.476149+00:00,PENDING_REVIEW,2,BUY,DAPH.CA,90.85,98.11,87.22,LOW,29.4,BULLISH_WATCH,75.58,market_context=DELAYED; tradeable_price_tickers=172/189; mubasher_current_rows=184/189,3,"WATCH/BUY SETUP: DAPH.CA has aligned current price data, liquidity above threshold, price above MA20/MA50, RSI 67.5, support 78.52, resistance 87.99, and evidence sources. Macro trend is Bullish; market regime is SELECTIVE_SWING_TRADES_ONLY; verify price action in Thndr before treating it as a swing entry.",,"Review the Telegram summary, verify in Thndr, and choose any position size manually."
20260722T080122Z_HOLD_NONE,2026-07-22T08:01:22.755609+00:00,NO_ACTION,,HOLD,,0,0,0,LOW,,,,market_context=DELAYED; tradeable_price_tickers=166/189; mubasher_current_rows=166/189,0,"Local fallback HOLD: no candidate passed evidence, liquidity, freshness, and technical gates.",,"No trade signal. Review watchlist, sector movement, and warnings."
20260722T084825Z_BUY_ARCC.CA,2026-07-22T08:48:25.073070+00:00,PENDING_REVIEW,1,BUY,ARCC.CA,56.99,61.55,54.71,LOW,30.4,BULLISH_WATCH,90,market_context=DELAYED; tradeable_price_tickers=182/189; mubasher_current_rows=175/189,3,"WATCH/BUY SETUP: ARCC.CA has aligned current price data, liquidity above threshold, price above MA20/MA50, RSI 62.64, support 53.0, resistance 58.5, and evidence sources. Macro trend is Bearish; market regime is SELECTIVE_SWING_TRADES_ONLY; verify price action in Thndr before treating it as a swing entry.",,"Review the Telegram summary, verify in Thndr, and choose any position size manually."
20260722T084825Z_BUY_MICH.CA,2026-07-22T08:48:25.075408+00:00,PENDING_REVIEW,2,BUY,MICH.CA,40.64,43.9,39.01,LOW,29.16,BULLISH_WATCH,89.12,market_context=DELAYED; tradeable_price_tickers=182/189; mubasher_current_rows=175/189,3,"WATCH/BUY SETUP: MICH.CA has aligned current price data, liquidity above threshold, price above MA20/MA50, RSI 66.82, support 34.0, resistance 39.48, and evidence sources. Macro trend is Bearish; market regime is SELECTIVE_SWING_TRADES_ONLY; verify price action in Thndr before treating it as a swing entry.",,"Review the Telegram summary, verify in Thndr, and choose any position size manually."
20260722T084825Z_BUY_MOED.CA,2026-07-22T08:48:25.077740+00:00,PENDING_REVIEW,3,BUY,MOED.CA,0.75,0.81,0.72,LOW,28.4,BULLISH_WATCH,76.12,market_context=DELAYED; tradeable_price_tickers=182/189; mubasher_current_rows=175/189,3,"WATCH/BUY SETUP: MOED.CA has aligned current price data, liquidity above threshold, price above MA20/MA50, RSI 68.03, support 0.65, resistance 0.74, and evidence sources. Macro trend is Bearish; market regime is SELECTIVE_SWING_TRADES_ONLY; verify price action in Thndr before treating it as a swing entry.",,"Review the Telegram summary, verify in Thndr, and choose any position size manually."
20260722T103042Z_HOLD_NONE,2026-07-22T10:30:42.024306+00:00,NO_ACTION,,HOLD,,0,0,0,LOW,,,,market_context=MISSING; tradeable_price_tickers=181/189; mubasher_current_rows=183/189,0,"Local fallback HOLD: macro source is missing, so no new BUY is allowed.",,"No trade signal. Review watchlist, sector movement, and warnings."
20260722T143915Z_BUY_ARCC.CA,2026-07-22T14:39:15.534870+00:00,PENDING_REVIEW,1,BUY,ARCC.CA,56.66,61.2,54.39,LOW,31.6,BULLISH_WATCH,95,market_context=DELAYED; tradeable_price_tickers=178/189; mubasher_current_rows=184/189,3,"WATCH/BUY SETUP: ARCC.CA has aligned current price data, liquidity above threshold, price above MA20/MA50, RSI 62.64, support 53.0, resistance 58.5, and evidence sources. Macro trend is Bearish; market regime is SELECTIVE_SWING_TRADES_ONLY; verify price action in Thndr before treating it as a swing entry.",,"Review the Telegram summary, verify in Thndr, and choose any position size manually."
20260722T143915Z_BUY_MOED.CA,2026-07-22T14:39:15.537266+00:00,PENDING_REVIEW,2,BUY,MOED.CA,0.72,0.78,0.69,LOW,28.4,BULLISH_WATCH,82.79,market_context=DELAYED; tradeable_price_tickers=178/189; mubasher_current_rows=184/189,3,"WATCH/BUY SETUP: MOED.CA has aligned current price data, liquidity above threshold, price above MA20/MA50, RSI 68.03, support 0.65, resistance 0.74, and evidence sources. Macro trend is Bearish; market regime is SELECTIVE_SWING_TRADES_ONLY; verify price action in Thndr before treating it as a swing entry.",,"Review the Telegram summary, verify in Thndr, and choose any position size manually."
20260722T175147Z_BUY_ARCC.CA,2026-07-22T17:51:47.342203+00:00,PENDING_REVIEW,1,BUY,ARCC.CA,56.66,61.2,54.39,LOW,31.6,BULLISH_WATCH,95,market_context=DELAYED; tradeable_price_tickers=177/189; mubasher_current_rows=185/189,3,"WATCH/BUY SETUP: ARCC.CA has aligned current price data, liquidity above threshold, price above MA20/MA50, RSI 62.64, support 53.0, resistance 58.5, and evidence sources. Macro trend is Bearish; market regime is SELECTIVE_SWING_TRADES_ONLY; verify price action in Thndr before treating it as a swing entry.",,"Review the Telegram summary, verify in Thndr, and choose any position size manually."
20260722T175147Z_BUY_MICH.CA,2026-07-22T17:51:47.344437+00:00,PENDING_REVIEW,2,BUY,MICH.CA,40.29,43.51,38.68,LOW,30.98,BULLISH_WATCH,89.71,market_context=DELAYED; tradeable_price_tickers=177/189; mubasher_current_rows=185/189,3,"WATCH/BUY SETUP: MICH.CA has aligned current price data, liquidity above threshold, price above MA20/MA50, RSI 66.82, support 34.0, resistance 39.48, and evidence sources. Macro trend is Bearish; market regime is SELECTIVE_SWING_TRADES_ONLY; verify price action in Thndr before treating it as a swing entry.",,"Review the Telegram summary, verify in Thndr, and choose any position size manually."
20260722T175147Z_BUY_MOED.CA,2026-07-22T17:51:47.346557+00:00,PENDING_REVIEW,3,BUY,MOED.CA,0.72,0.78,0.69,LOW,28.4,BULLISH_WATCH,82.71,market_context=DELAYED; tradeable_price_tickers=177/189; mubasher_current_rows=185/189,3,"WATCH/BUY SETUP: MOED.CA has aligned current price data, liquidity above threshold, price above MA20/MA50, RSI 68.03, support 0.65, resistance 0.74, and evidence sources. Macro trend is Bearish; market regime is SELECTIVE_SWING_TRADES_ONLY; verify price action in Thndr before treating it as a swing entry.",,"Review the Telegram summary, verify in Thndr, and choose any position size manually."
20260723T080405Z_BUY_ARCC.CA,2026-07-23T08:04:05.232942+00:00,PENDING_REVIEW,1,BUY,ARCC.CA,56.66,61.2,54.39,LOW,31.6,BULLISH_WATCH,95,market_context=DELAYED; tradeable_price_tickers=178/189; mubasher_current_rows=185/189,3,"BUY SETUP: ARCC.CA has aligned current price data, liquidity above threshold, price above MA20/MA50, RSI 62.64, support 53.0, resistance 58.5, and evidence sources. Macro trend is Bullish; market regime is SELECTIVE_SWING_TRADES_ONLY; verify price action in Thndr before treating it as a swing entry.",,"Review the Telegram summary, verify in Thndr, and choose any position size manually."
20260723T080405Z_BUY_MICH.CA,2026-07-23T08:04:05.235417+00:00,PENDING_REVIEW,2,BUY,MICH.CA,40.29,43.51,38.68,LOW,30.98,BULLISH_WATCH,89.78,market_context=DELAYED; tradeable_price_tickers=178/189; mubasher_current_rows=185/189,3,"WATCH/BUY SETUP: MICH.CA has aligned current price data, liquidity above threshold, price above MA20/MA50, RSI 66.82, support 34.0, resistance 39.48, and evidence sources. Macro trend is Bullish; market regime is SELECTIVE_SWING_TRADES_ONLY; verify price action in Thndr before treating it as a swing entry.",,"Review the Telegram summary, verify in Thndr, and choose any position size manually."
20260723T080405Z_BUY_MOED.CA,2026-07-23T08:04:05.237922+00:00,PENDING_REVIEW,3,BUY,MOED.CA,0.72,0.78,0.69,LOW,28.4,BULLISH_WATCH,82.78,market_context=DELAYED; tradeable_price_tickers=178/189; mubasher_current_rows=185/189,3,"WATCH/BUY SETUP: MOED.CA has aligned current price data, liquidity above threshold, price above MA20/MA50, RSI 68.03, support 0.65, resistance 0.74, and evidence sources. Macro trend is Bullish; market regime is SELECTIVE_SWING_TRADES_ONLY; verify price action in Thndr before treating it as a swing entry.",,"Review the Telegram summary, verify in Thndr, and choose any position size manually."
20260723T084749Z_BUY_CANA.CA,2026-07-23T08:47:49.364101+00:00,PENDING_REVIEW,1,BUY,CANA.CA,37.5,40.5,36.0,LOW,31.18,BULLISH_WATCH,90.23,market_context=DELAYED; tradeable_price_tickers=187/189; mubasher_current_rows=185/189,3,"BUY SETUP: CANA.CA has aligned current price data, liquidity above threshold, price above MA20/MA50, RSI 62.43, support 34.7, resistance 37.5, and evidence sources. Macro trend is Bullish; market regime is BROAD_RISK_ON; verify price action in Thndr before treating it as a swing entry.",,"Review the Telegram summary, verify in Thndr, and choose any position size manually."
20260723T084749Z_BUY_ARCC.CA,2026-07-23T08:47:49.366469+00:00,PENDING_REVIEW,2,BUY,ARCC.CA,56.66,61.14,54.42,LOW,30.06,BULLISH_WATCH,95,market_context=DELAYED; tradeable_price_tickers=187/189; mubasher_current_rows=185/189,3,"BUY SETUP: ARCC.CA has aligned current price data, liquidity above threshold, price above MA20/MA50, RSI 58.08, support 53.5, resistance 58.5, and evidence sources. Macro trend is Bullish; market regime is BROAD_RISK_ON; verify price action in Thndr before treating it as a swing entry.",,"Review the Telegram summary, verify in Thndr, and choose any position size manually."
20260723T101938Z_BUY_MOED.CA,2026-07-23T10:19:38.609968+00:00,PENDING_REVIEW,1,BUY,MOED.CA,0.72,0.78,0.69,LOW,31.9,BULLISH_WATCH,89.87,market_context=DELAYED; tradeable_price_tickers=187/189; mubasher_current_rows=185/189,3,"BUY SETUP: MOED.CA has aligned current price data, liquidity above threshold, price above MA20/MA50, RSI 64.75, support 0.65, resistance 0.76, and evidence sources. Macro trend is Bullish; market regime is BROAD_RISK_ON; verify price action in Thndr before treating it as a swing entry.",,"Review the Telegram summary, verify in Thndr, and choose any position size manually."
20260723T101938Z_BUY_ARCC.CA,2026-07-23T10:19:38.612353+00:00,PENDING_REVIEW,2,BUY,ARCC.CA,56.66,61.14,54.42,LOW,30.06,BULLISH_WATCH,95,market_context=DELAYED; tradeable_price_tickers=187/189; mubasher_current_rows=185/189,3,"BUY SETUP: ARCC.CA has aligned current price data, liquidity above threshold, price above MA20/MA50, RSI 58.08, support 53.5, resistance 58.5, and evidence sources. Macro trend is Bullish; market regime is BROAD_RISK_ON; verify price action in Thndr before treating it as a swing entry.",,"Review the Telegram summary, verify in Thndr, and choose any position size manually."
20260723T144350Z_BUY_MOED.CA,2026-07-23T14:43:50.459013+00:00,PENDING_REVIEW,1,BUY,MOED.CA,0.72,0.78,0.69,LOW,31.9,BULLISH_WATCH,89.78,market_context=DELAYED; tradeable_price_tickers=187/189; mubasher_current_rows=185/189,3,"BUY SETUP: MOED.CA has aligned current price data, liquidity above threshold, price above MA20/MA50, RSI 64.75, support 0.65, resistance 0.76, and evidence sources. Macro trend is Bullish; market regime is BROAD_RISK_ON; verify price action in Thndr before treating it as a swing entry.",,"Review the Telegram summary, verify in Thndr, and choose any position size manually."
20260723T144350Z_BUY_CANA.CA,2026-07-23T14:43:50.460952+00:00,PENDING_REVIEW,2,BUY,CANA.CA,37.5,40.5,36.0,LOW,31.18,BULLISH_WATCH,90.23,market_context=DELAYED; tradeable_price_tickers=187/189; mubasher_current_rows=185/189,3,"BUY SETUP: CANA.CA has aligned current price data, liquidity above threshold, price above MA20/MA50, RSI 62.43, support 34.7, resistance 37.5, and evidence sources. Macro trend is Bullish; market regime is BROAD_RISK_ON; verify price action in Thndr before treating it as a swing entry.",,"Review the Telegram summary, verify in Thndr, and choose any position size manually."
20260723T144350Z_BUY_ARCC.CA,2026-07-23T14:43:50.462923+00:00,PENDING_REVIEW,3,BUY,ARCC.CA,56.66,61.14,54.42,LOW,30.06,BULLISH_WATCH,95,market_context=DELAYED; tradeable_price_tickers=187/189; mubasher_current_rows=185/189,3,"BUY SETUP: ARCC.CA has aligned current price data, liquidity above threshold, price above MA20/MA50, RSI 58.08, support 53.5, resistance 58.5, and evidence sources. Macro trend is Bullish; market regime is BROAD_RISK_ON; verify price action in Thndr before treating it as a swing entry.",,"Review the Telegram summary, verify in Thndr, and choose any position size manually."
20260723T180046Z_BUY_MOED.CA,2026-07-23T18:00:46.628322+00:00,PENDING_REVIEW,1,BUY,MOED.CA,0.72,0.78,0.69,LOW,31.9,BULLISH_WATCH,89.87,market_context=DELAYED; tradeable_price_tickers=187/189; mubasher_current_rows=185/189,3,"BUY SETUP: MOED.CA has aligned current price data, liquidity above threshold, price above MA20/MA50, RSI 64.75, support 0.65, resistance 0.76, and evidence sources. Macro trend is Bullish; market regime is BROAD_RISK_ON; verify price action in Thndr before treating it as a swing entry.",,"Review the Telegram summary, verify in Thndr, and choose any position size manually."
20260723T180046Z_BUY_ARCC.CA,2026-07-23T18:00:46.630377+00:00,PENDING_REVIEW,2,BUY,ARCC.CA,56.66,61.14,54.42,LOW,30.06,BULLISH_WATCH,95,market_context=DELAYED; tradeable_price_tickers=187/189; mubasher_current_rows=185/189,3,"BUY SETUP: ARCC.CA has aligned current price data, liquidity above threshold, price above MA20/MA50, RSI 58.08, support 53.5, resistance 58.5, and evidence sources. Macro trend is Bullish; market regime is BROAD_RISK_ON; verify price action in Thndr before treating it as a swing entry.",,"Review the Telegram summary, verify in Thndr, and choose any position size manually."
20260726T080217Z_BUY_SAUD.CA,2026-07-26T08:02:17.209566+00:00,PENDING_REVIEW,1,BUY,SAUD.CA,22.63,24.45,21.72,LOW,30.66,BULLISH_WATCH,82.68,market_context=DELAYED; tradeable_price_tickers=183/189; mubasher_current_rows=169/189,3,"WATCH/BUY SETUP: SAUD.CA has aligned current price data, liquidity above threshold, price above MA20/MA50, RSI 66.67, support 19.99, resistance 22.16, and evidence sources. Macro trend is Bullish; market regime is BROAD_RISK_ON; verify price action in Thndr before treating it as a swing entry.",,"Review the Telegram summary, verify in Thndr, and choose any position size manually."
20260726T080217Z_BUY_CANA.CA,2026-07-26T08:02:17.211636+00:00,PENDING_REVIEW,2,BUY,CANA.CA,38.4,41.48,36.86,LOW,29.9,BULLISH_WATCH,76.68,market_context=DELAYED; tradeable_price_tickers=183/189; mubasher_current_rows=169/189,3,"BUY SETUP: CANA.CA has aligned current price data, liquidity above threshold, price above MA20/MA50, RSI 62.43, support 34.7, resistance 37.5, and evidence sources. Macro trend is Bullish; market regime is BROAD_RISK_ON; verify price action in Thndr before treating it as a swing entry.",,"Review the Telegram summary, verify in Thndr, and choose any position size manually."
20260726T080217Z_BUY_BTFH.CA,2026-07-26T08:02:17.213661+00:00,PENDING_REVIEW,3,BUY,BTFH.CA,3.11,3.35,2.99,LOW,27.9,CONSTRUCTIVE,63.53,market_context=DELAYED; tradeable_price_tickers=183/189; mubasher_current_rows=169/189,3,"BUY SETUP: BTFH.CA has aligned current price data, liquidity above threshold, price above MA20/MA50, RSI 63.04, support 2.91, resistance 3.2, and evidence sources. Macro trend is Bullish; market regime is BROAD_RISK_ON; verify price action in Thndr before treating it as a swing entry.",,"Review the Telegram summary, verify in Thndr, and choose any position size manually."
20260726T084713Z_BUY_CANA.CA,2026-07-26T08:47:13.326826+00:00,PENDING_REVIEW,1,BUY,CANA.CA,38.02,41.06,36.5,LOW,30.3,BULLISH_WATCH,76.73,market_context=DELAYED; tradeable_price_tickers=183/189; mubasher_current_rows=176/189,3,"WATCH/BUY SETUP: CANA.CA has aligned current price data, liquidity above threshold, price above MA20/MA50, RSI 62.43, support 34.7, resistance 37.5, and evidence sources. Macro trend is Bearish; market regime is BROAD_RISK_ON; verify price action in Thndr before treating it as a swing entry.",,"Review the Telegram summary, verify in Thndr, and choose any position size manually."
20260726T084713Z_BUY_ARCC.CA,2026-07-26T08:47:13.329369+00:00,PENDING_REVIEW,2,BUY,ARCC.CA,56.74,61.28,54.47,LOW,29.9,BULLISH_WATCH,90,market_context=DELAYED; tradeable_price_tickers=183/189; mubasher_current_rows=176/189,3,"WATCH/BUY SETUP: ARCC.CA has aligned current price data, liquidity above threshold, price above MA20/MA50, RSI 58.08, support 53.5, resistance 58.5, and evidence sources. Macro trend is Bearish; market regime is BROAD_RISK_ON; verify price action in Thndr before treating it as a swing entry.",,"Review the Telegram summary, verify in Thndr, and choose any position size manually."
20260726T084713Z_BUY_ATQA.CA,2026-07-26T08:47:13.331769+00:00,PENDING_REVIEW,3,BUY,ATQA.CA,10.04,10.84,9.64,LOW,27.92,BULLISH_WATCH,74.01,market_context=DELAYED; tradeable_price_tickers=183/189; mubasher_current_rows=176/189,3,"WATCH/BUY SETUP: ATQA.CA has aligned current price data, liquidity above threshold, price above MA20/MA50, RSI 66.38, support 9.21, resistance 9.97, and evidence sources. Macro trend is Bearish; market regime is BROAD_RISK_ON; verify price action in Thndr before treating it as a swing entry.",,"Review the Telegram summary, verify in Thndr, and choose any position size manually."
20260726T100115Z_BUY_ARVA.CA,2026-07-26T10:01:15.213927+00:00,PENDING_REVIEW,1,BUY,ARVA.CA,12.19,13.17,11.7,LOW,34.9,BULLISH_WATCH,89.61,market_context=DELAYED; tradeable_price_tickers=184/189; mubasher_current_rows=182/189,3,"WATCH/BUY SETUP: ARVA.CA has aligned current price data, liquidity above threshold, price above MA20/MA50, RSI 63.48, support 10.5, resistance 11.98, and evidence sources. Macro trend is Bearish; market regime is BROAD_RISK_ON; verify price action in Thndr before treating it as a swing entry.",,"Review the Telegram summary, verify in Thndr, and choose any position size manually."
20260726T100115Z_BUY_SAUD.CA,2026-07-26T10:01:15.216350+00:00,PENDING_REVIEW,2,BUY,SAUD.CA,22.49,24.29,21.59,LOW,32.9,BULLISH_WATCH,83.19,market_context=DELAYED; tradeable_price_tickers=184/189; mubasher_current_rows=182/189,3,"WATCH/BUY SETUP: SAUD.CA has aligned current price data, liquidity above threshold, price above MA20/MA50, RSI 66.67, support 19.99, resistance 22.16, and evidence sources. Macro trend is Bearish; market regime is BROAD_RISK_ON; verify price action in Thndr before treating it as a swing entry.",,"Review the Telegram summary, verify in Thndr, and choose any position size manually."
20260726T100115Z_BUY_CANA.CA,2026-07-26T10:01:15.218789+00:00,PENDING_REVIEW,3,BUY,CANA.CA,38.11,41.15,36.59,LOW,31.3,BULLISH_WATCH,89.19,market_context=DELAYED; tradeable_price_tickers=184/189; mubasher_current_rows=182/189,3,"WATCH/BUY SETUP: CANA.CA has aligned current price data, liquidity above threshold, price above MA20/MA50, RSI 62.43, support 34.7, resistance 37.5, and evidence sources. Macro trend is Bearish; market regime is BROAD_RISK_ON; verify price action in Thndr before treating it as a swing entry.",,"Review the Telegram summary, verify in Thndr, and choose any position size manually."
20260726T140944Z_BUY_SAUD.CA,2026-07-26T14:09:44.722053+00:00,PENDING_REVIEW,1,BUY,SAUD.CA,22.59,24.39,21.69,LOW,31.4,BULLISH_WATCH,83.55,market_context=DELAYED; tradeable_price_tickers=177/189; mubasher_current_rows=185/189,3,"WATCH/BUY SETUP: SAUD.CA has aligned current price data, liquidity above threshold, price above MA20/MA50, RSI 66.67, support 19.99, resistance 22.16, and evidence sources. Macro trend is Bearish; market regime is SELECTIVE_SWING_TRADES_ONLY; verify price action in Thndr before treating it as a swing entry.",,"Review the Telegram summary, verify in Thndr, and choose any position size manually."
20260726T140944Z_BUY_CANA.CA,2026-07-26T14:09:44.724432+00:00,PENDING_REVIEW,2,BUY,CANA.CA,37.8,40.82,36.29,LOW,30.7,BULLISH_WATCH,89.55,market_context=DELAYED; tradeable_price_tickers=177/189; mubasher_current_rows=185/189,3,"WATCH/BUY SETUP: CANA.CA has aligned current price data, liquidity above threshold, price above MA20/MA50, RSI 62.43, support 34.7, resistance 37.5, and evidence sources. Macro trend is Bearish; market regime is SELECTIVE_SWING_TRADES_ONLY; verify price action in Thndr before treating it as a swing entry.",,"Review the Telegram summary, verify in Thndr, and choose any position size manually."
20260726T173429Z_BUY_SAUD.CA,2026-07-26T17:34:29.429476+00:00,PENDING_REVIEW,1,BUY,SAUD.CA,22.59,24.39,21.69,LOW,31.4,BULLISH_WATCH,83.55,market_context=DELAYED; tradeable_price_tickers=177/189; mubasher_current_rows=185/189,3,"WATCH/BUY SETUP: SAUD.CA has aligned current price data, liquidity above threshold, price above MA20/MA50, RSI 66.67, support 19.99, resistance 22.16, and evidence sources. Macro trend is Bearish; market regime is SELECTIVE_SWING_TRADES_ONLY; verify price action in Thndr before treating it as a swing entry.",,"Review the Telegram summary, verify in Thndr, and choose any position size manually."
20260726T173429Z_BUY_CANA.CA,2026-07-26T17:34:29.431836+00:00,PENDING_REVIEW,2,BUY,CANA.CA,37.8,40.82,36.29,LOW,30.7,BULLISH_WATCH,89.55,market_context=DELAYED; tradeable_price_tickers=177/189; mubasher_current_rows=185/189,3,"WATCH/BUY SETUP: CANA.CA has aligned current price data, liquidity above threshold, price above MA20/MA50, RSI 62.43, support 34.7, resistance 37.5, and evidence sources. Macro trend is Bearish; market regime is SELECTIVE_SWING_TRADES_ONLY; verify price action in Thndr before treating it as a swing entry.",,"Review the Telegram summary, verify in Thndr, and choose any position size manually."
20260727T090120Z_HOLD_NONE,2026-07-27T09:01:20.076630+00:00,NO_ACTION,,HOLD,,0,0,0,LOW,,,,market_context=DELAYED; tradeable_price_tickers=178/189; mubasher_current_rows=179/189,0,"Local fallback HOLD: no candidate passed evidence, liquidity, freshness, and technical gates.",,"No trade signal. Review watchlist, sector movement, and warnings."
20260727T101035Z_BUY_ARCC.CA,2026-07-27T10:10:35.373391+00:00,PENDING_REVIEW,1,BUY,ARCC.CA,56.5,60.6,54.45,LOW,29.4,BULLISH_WATCH,90,market_context=DELAYED; tradeable_price_tickers=176/189; mubasher_current_rows=181/189,3,"BUY SETUP: ARCC.CA has aligned current price data, liquidity above threshold, price above MA20/MA50, RSI 53.22, support 53.5, resistance 58.5, and evidence sources. Macro trend is Bullish; market regime is SELECTIVE_SWING_TRADES_ONLY; verify price action in Thndr before treating it as a swing entry.",,"Review the Telegram summary, verify in Thndr, and choose any position size manually."
20260727T101035Z_BUY_AJWA.CA,2026-07-27T10:10:35.375857+00:00,PENDING_REVIEW,2,BUY,AJWA.CA,187.49,202.49,179.99,LOW,29.4,BULLISH_WATCH,89.21,market_context=DELAYED; tradeable_price_tickers=176/189; mubasher_current_rows=181/189,3,"BUY SETUP: AJWA.CA has aligned current price data, liquidity above threshold, price above MA20/MA50, RSI 50.49, support 161.0, resistance 192.0, and evidence sources. Macro trend is Bullish; market regime is SELECTIVE_SWING_TRADES_ONLY; verify price action in Thndr before treating it as a swing entry.",,"Review the Telegram summary, verify in Thndr, and choose any position size manually."
20260727T101035Z_BUY_IFAP.CA,2026-07-27T10:10:35.378326+00:00,PENDING_REVIEW,3,BUY,IFAP.CA,19.76,21.28,19.0,LOW,28.66,BULLISH_WATCH,91.19,market_context=DELAYED; tradeable_price_tickers=176/189; mubasher_current_rows=181/189,3,"BUY SETUP: IFAP.CA has aligned current price data, liquidity above threshold, price above MA20/MA50, RSI 57.38, support 18.47, resistance 20.28, and evidence sources. Macro trend is Bullish; market regime is SELECTIVE_SWING_TRADES_ONLY; verify price action in Thndr before treating it as a swing entry.",,"Review the Telegram summary, verify in Thndr, and choose any position size manually."
20260727T112011Z_BUY_IDRE.CA,2026-07-27T11:20:11.552733+00:00,PENDING_REVIEW,1,BUY,IDRE.CA,50.98,55.06,48.94,LOW,32.0,BULLISH_WATCH,85.49,market_context=DELAYED; tradeable_price_tickers=176/189; mubasher_current_rows=183/189,3,"BUY SETUP: IDRE.CA has aligned current price data, liquidity above threshold, price above MA20/MA50, RSI 63.02, support 41.1, resistance 52.68, and evidence sources. Macro trend is Bullish; market regime is SELECTIVE_SWING_TRADES_ONLY; verify price action in Thndr before treating it as a swing entry.",,"Review the Telegram summary, verify in Thndr, and choose any position size manually."
20260727T112011Z_BUY_ARCC.CA,2026-07-27T11:20:11.554640+00:00,PENDING_REVIEW,2,BUY,ARCC.CA,56.6,60.9,54.45,LOW,30.12,BULLISH_WATCH,95,market_context=DELAYED; tradeable_price_tickers=176/189; mubasher_current_rows=183/189,3,"BUY SETUP: ARCC.CA has aligned current price data, liquidity above threshold, price above MA20/MA50, RSI 53.22, support 53.5, resistance 58.5, and evidence sources. Macro trend is Bullish; market regime is SELECTIVE_SWING_TRADES_ONLY; verify price action in Thndr before treating it as a swing entry.",,"Review the Telegram summary, verify in Thndr, and choose any position size manually."
20260727T112011Z_BUY_AJWA.CA,2026-07-27T11:20:11.556612+00:00,PENDING_REVIEW,3,BUY,AJWA.CA,188.14,203.2,180.61,LOW,29.4,BULLISH_WATCH,89.49,market_context=DELAYED; tradeable_price_tickers=176/189; mubasher_current_rows=183/189,3,"BUY SETUP: AJWA.CA has aligned current price data, liquidity above threshold, price above MA20/MA50, RSI 50.49, support 161.0, resistance 192.0, and evidence sources. Macro trend is Bullish; market regime is SELECTIVE_SWING_TRADES_ONLY; verify price action in Thndr before treating it as a swing entry.",,"Review the Telegram summary, verify in Thndr, and choose any position size manually."
20260727T153131Z_BUY_RMDA.CA,2026-07-27T15:31:31.897856+00:00,PENDING_REVIEW,1,BUY,RMDA.CA,5.25,5.67,5.04,LOW,33.4,BULLISH_WATCH,98.07,market_context=DELAYED; tradeable_price_tickers=176/189; mubasher_current_rows=178/189,3,"BUY SETUP: RMDA.CA has aligned current price data, liquidity above threshold, price above MA20/MA50, RSI 60.0, support 4.81, resistance 5.17, and evidence sources. Macro trend is Bullish; market regime is SELECTIVE_SWING_TRADES_ONLY; verify price action in Thndr before treating it as a swing entry.",,"Review the Telegram summary, verify in Thndr, and choose any position size manually."
20260727T153131Z_BUY_IDRE.CA,2026-07-27T15:31:31.900208+00:00,PENDING_REVIEW,2,BUY,IDRE.CA,49.8,53.78,47.81,LOW,32.82,BULLISH_WATCH,91.68,market_context=DELAYED; tradeable_price_tickers=176/189; mubasher_current_rows=178/189,3,"BUY SETUP: IDRE.CA has aligned current price data, liquidity above threshold, price above MA20/MA50, RSI 63.02, support 41.1, resistance 52.68, and evidence sources. Macro trend is Bullish; market regime is SELECTIVE_SWING_TRADES_ONLY; verify price action in Thndr before treating it as a swing entry.",,"Review the Telegram summary, verify in Thndr, and choose any position size manually."
20260727T153131Z_BUY_ARCC.CA,2026-07-27T15:31:31.902586+00:00,PENDING_REVIEW,3,BUY,ARCC.CA,56.53,60.69,54.45,LOW,30.2,BULLISH_WATCH,95,market_context=DELAYED; tradeable_price_tickers=176/189; mubasher_current_rows=178/189,3,"BUY SETUP: ARCC.CA has aligned current price data, liquidity above threshold, price above MA20/MA50, RSI 53.22, support 53.5, resistance 58.5, and evidence sources. Macro trend is Bullish; market regime is SELECTIVE_SWING_TRADES_ONLY; verify price action in Thndr before treating it as a swing entry.",,"Review the Telegram summary, verify in Thndr, and choose any position size manually."
20260727T180404Z_BUY_RMDA.CA,2026-07-27T18:04:04.261365+00:00,PENDING_REVIEW,1,BUY,RMDA.CA,5.25,5.67,5.04,LOW,33.4,BULLISH_WATCH,98.07,market_context=DELAYED; tradeable_price_tickers=176/189; mubasher_current_rows=181/189,2,"BUY SETUP: RMDA.CA has aligned current price data, liquidity above threshold, price above MA20/MA50, RSI 60.0, support 4.81, resistance 5.17, and evidence sources. Macro trend is Bullish; market regime is SELECTIVE_SWING_TRADES_ONLY; verify price action in Thndr before treating it as a swing entry.",,"Review the Telegram summary, verify in Thndr, and choose any position size manually."
20260727T180404Z_BUY_IDRE.CA,2026-07-27T18:04:04.264012+00:00,PENDING_REVIEW,2,BUY,IDRE.CA,49.8,53.78,47.81,LOW,32.82,BULLISH_WATCH,91.76,market_context=DELAYED; tradeable_price_tickers=176/189; mubasher_current_rows=181/189,3,"BUY SETUP: IDRE.CA has aligned current price data, liquidity above threshold, price above MA20/MA50, RSI 63.02, support 41.1, resistance 52.68, and evidence sources. Macro trend is Bullish; market regime is SELECTIVE_SWING_TRADES_ONLY; verify price action in Thndr before treating it as a swing entry.",,"Review the Telegram summary, verify in Thndr, and choose any position size manually."
20260727T180404Z_BUY_ARCC.CA,2026-07-27T18:04:04.266507+00:00,PENDING_REVIEW,3,BUY,ARCC.CA,56.53,60.69,54.45,LOW,30.2,BULLISH_WATCH,95,market_context=DELAYED; tradeable_price_tickers=176/189; mubasher_current_rows=181/189,3,"BUY SETUP: ARCC.CA has aligned current price data, liquidity above threshold, price above MA20/MA50, RSI 53.22, support 53.5, resistance 58.5, and evidence sources. Macro trend is Bullish; market regime is SELECTIVE_SWING_TRADES_ONLY; verify price action in Thndr before treating it as a swing entry.",,"Review the Telegram summary, verify in Thndr, and choose any position size manually."
20260728T080908Z_HOLD_NONE,2026-07-28T08:09:08.075624+00:00,NO_ACTION,,HOLD,,0,0,0,LOW,,,,market_context=DELAYED; tradeable_price_tickers=170/189; mubasher_current_rows=165/189,0,"Local fallback HOLD: no candidate passed evidence, liquidity, freshness, and technical gates.",,"No trade signal. Review watchlist, sector movement, and warnings."
20260728T085429Z_BUY_NCCW.CA,2026-07-28T08:54:29.703139+00:00,PENDING_REVIEW,1,BUY,NCCW.CA,7.18,7.76,6.89,LOW,32.9,BULLISH_WATCH,85.0,market_context=DELAYED; tradeable_price_tickers=181/189; mubasher_current_rows=175/189,3,"WATCH/BUY SETUP: NCCW.CA has aligned current price data, liquidity above threshold, price above MA20/MA50, RSI 66.87, support 5.82, resistance 6.91, and evidence sources. Macro trend is Bullish; market regime is BROAD_RISK_ON; verify price action in Thndr before treating it as a swing entry.",,"Review the Telegram summary, verify in Thndr, and choose any position size manually."
20260728T085429Z_BUY_ARCC.CA,2026-07-28T08:54:29.705667+00:00,PENDING_REVIEW,2,BUY,ARCC.CA,56.7,61.08,54.51,LOW,29.9,BULLISH_WATCH,90,market_context=DELAYED; tradeable_price_tickers=181/189; mubasher_current_rows=175/189,3,"BUY SETUP: ARCC.CA has aligned current price data, liquidity above threshold, price above MA20/MA50, RSI 52.99, support 53.5, resistance 58.5, and evidence sources. Macro trend is Bullish; market regime is BROAD_RISK_ON; verify price action in Thndr before treating it as a swing entry.",,"Review the Telegram summary, verify in Thndr, and choose any position size manually."
20260728T085429Z_BUY_SPMD.CA,2026-07-28T08:54:29.708173+00:00,PENDING_REVIEW,3,BUY,SPMD.CA,0.47,0.51,0.45,LOW,28.9,BULLISH_WATCH,81.0,market_context=DELAYED; tradeable_price_tickers=181/189; mubasher_current_rows=175/189,3,"WATCH/BUY SETUP: SPMD.CA has aligned current price data, liquidity above threshold, price above MA20/MA50, RSI 66.0, support 0.41, resistance 0.46, and evidence sources. Macro trend is Bullish; market regime is BROAD_RISK_ON; verify price action in Thndr before treating it as a swing entry.",,"Review the Telegram summary, verify in Thndr, and choose any position size manually."
20260728T103505Z_BUY_NCCW.CA,2026-07-28T10:35:05.337090+00:00,PENDING_REVIEW,1,BUY,NCCW.CA,7.09,7.65,6.81,LOW,32.9,BULLISH_WATCH,85.46,market_context=DELAYED; tradeable_price_tickers=181/189; mubasher_current_rows=180/189,3,"WATCH/BUY SETUP: NCCW.CA has aligned current price data, liquidity above threshold, price above MA20/MA50, RSI 66.87, support 5.82, resistance 6.91, and evidence sources. Macro trend is Bullish; market regime is BROAD_RISK_ON; verify price action in Thndr before treating it as a swing entry.",,"Review the Telegram summary, verify in Thndr, and choose any position size manually."
20260728T103505Z_BUY_AJWA.CA,2026-07-28T10:35:05.339461+00:00,PENDING_REVIEW,2,BUY,AJWA.CA,187.0,208.95,179.52,LOW,32.78,BULLISH_WATCH,100,market_context=DELAYED; tradeable_price_tickers=181/189; mubasher_current_rows=180/189,3,"BUY SETUP: AJWA.CA has aligned current price data, liquidity above threshold, price above MA20/MA50, RSI 56.97, support 161.0, resistance 210.0, and evidence sources. Macro trend is Bullish; market regime is BROAD_RISK_ON; verify price action in Thndr before treating it as a swing entry.",,"Review the Telegram summary, verify in Thndr, and choose any position size manually."
20260728T103505Z_BUY_COMI.CA,2026-07-28T10:35:05.341866+00:00,PENDING_REVIEW,3,BUY,COMI.CA,141.75,153.09,136.08,LOW,30.9,BULLISH_WATCH,95.46,market_context=DELAYED; tradeable_price_tickers=181/189; mubasher_current_rows=180/189,3,"BUY SETUP: COMI.CA has aligned current price data, liquidity above threshold, price above MA20/MA50, RSI 61.34, support 126.21, resistance 141.4, and evidence sources. Macro trend is Bullish; market regime is BROAD_RISK_ON; verify price action in Thndr before treating it as a swing entry.",,"Review the Telegram summary, verify in Thndr, and choose any position size manually."
20260728T150013Z_BUY_NCCW.CA,2026-07-28T15:00:13.620950+00:00,PENDING_REVIEW,1,BUY,NCCW.CA,7.1,7.66,6.82,LOW,32.9,BULLISH_WATCH,85.71,market_context=DELAYED; tradeable_price_tickers=180/189; mubasher_current_rows=181/189,3,"WATCH/BUY SETUP: NCCW.CA has aligned current price data, liquidity above threshold, price above MA20/MA50, RSI 66.87, support 5.82, resistance 6.91, and evidence sources. Macro trend is Bullish; market regime is BROAD_RISK_ON; verify price action in Thndr before treating it as a swing entry.",,"Review the Telegram summary, verify in Thndr, and choose any position size manually."
20260728T150013Z_BUY_COMI.CA,2026-07-28T15:00:13.623497+00:00,PENDING_REVIEW,2,BUY,COMI.CA,142.21,153.59,136.52,LOW,31.06,BULLISH_WATCH,97.6,market_context=DELAYED; tradeable_price_tickers=180/189; mubasher_current_rows=181/189,3,"BUY SETUP: COMI.CA has aligned current price data, liquidity above threshold, price above MA20/MA50, RSI 61.34, support 126.21, resistance 141.4, and evidence sources. Macro trend is Bullish; market regime is BROAD_RISK_ON; verify price action in Thndr before treating it as a swing entry.",,"Review the Telegram summary, verify in Thndr, and choose any position size manually."
20260728T175346Z_BUY_NCCW.CA,2026-07-28T17:53:46.521547+00:00,PENDING_REVIEW,1,BUY,NCCW.CA,7.1,7.66,6.82,LOW,32.9,BULLISH_WATCH,85.71,market_context=DELAYED; tradeable_price_tickers=180/189; mubasher_current_rows=181/189,3,"WATCH/BUY SETUP: NCCW.CA has aligned current price data, liquidity above threshold, price above MA20/MA50, RSI 66.87, support 5.82, resistance 6.91, and evidence sources. Macro trend is Bullish; market regime is BROAD_RISK_ON; verify price action in Thndr before treating it as a swing entry.",,"Review the Telegram summary, verify in Thndr, and choose any position size manually."
20260728T175346Z_BUY_AJWA.CA,2026-07-28T17:53:46.524050+00:00,PENDING_REVIEW,2,BUY,AJWA.CA,187.61,208.95,180.11,LOW,32.9,BULLISH_WATCH,100,market_context=DELAYED; tradeable_price_tickers=180/189; mubasher_current_rows=181/189,3,"BUY SETUP: AJWA.CA has aligned current price data, liquidity above threshold, price above MA20/MA50, RSI 56.97, support 161.0, resistance 210.0, and evidence sources. Macro trend is Bullish; market regime is BROAD_RISK_ON; verify price action in Thndr before treating it as a swing entry.",,"Review the Telegram summary, verify in Thndr, and choose any position size manually."
20260728T175346Z_BUY_COMI.CA,2026-07-28T17:53:46.526485+00:00,PENDING_REVIEW,3,BUY,COMI.CA,142.21,153.59,136.52,LOW,31.06,BULLISH_WATCH,97.6,market_context=DELAYED; tradeable_price_tickers=180/189; mubasher_current_rows=181/189,3,"BUY SETUP: COMI.CA has aligned current price data, liquidity above threshold, price above MA20/MA50, RSI 61.34, support 126.21, resistance 141.4, and evidence sources. Macro trend is Bullish; market regime is BROAD_RISK_ON; verify price action in Thndr before treating it as a swing entry.",,"Review the Telegram summary, verify in Thndr, and choose any position size manually."
20260729T082416Z_BUY_COMI.CA,2026-07-29T08:24:16.271976+00:00,PENDING_REVIEW,1,BUY,COMI.CA,142.59,153.99,136.89,LOW,28.4,BULLISH_WATCH,79.37,market_context=DELAYED; tradeable_price_tickers=176/189; mubasher_current_rows=160/189,3,"BUY SETUP: COMI.CA has aligned current price data, liquidity above threshold, price above MA20/MA50, RSI 61.34, support 126.21, resistance 141.4, and evidence sources. Macro trend is Bullish; market regime is SELECTIVE_SWING_TRADES_ONLY; verify price action in Thndr before treating it as a swing entry.",,"Review the Telegram summary, verify in Thndr, and choose any position size manually."
20260729T082416Z_BUY_ECAP.CA,2026-07-29T08:24:16.273998+00:00,PENDING_REVIEW,2,BUY,ECAP.CA,33.66,36.36,32.31,LOW,27.74,BULLISH_WATCH,94.67,market_context=DELAYED; tradeable_price_tickers=176/189; mubasher_current_rows=160/189,3,"BUY SETUP: ECAP.CA has aligned current price data, liquidity above threshold, price above MA20/MA50, RSI 57.92, support 31.52, resistance 34.39, and evidence sources. Macro trend is Bullish; market regime is SELECTIVE_SWING_TRADES_ONLY; verify price action in Thndr before treating it as a swing entry.",,"Review the Telegram summary, verify in Thndr, and choose any position size manually."
20260729T082416Z_BUY_ATQA.CA,2026-07-29T08:24:16.275954+00:00,PENDING_REVIEW,3,BUY,ATQA.CA,10.3,11.12,9.89,LOW,26.67,BULLISH_WATCH,84.98,market_context=DELAYED; tradeable_price_tickers=176/189; mubasher_current_rows=160/189,3,"BUY SETUP: ATQA.CA has aligned current price data, liquidity above threshold, price above MA20/MA50, RSI 60.91, support 9.35, resistance 10.14, and evidence sources. Macro trend is Bullish; market regime is SELECTIVE_SWING_TRADES_ONLY; verify price action in Thndr before treating it as a swing entry.",,"Review the Telegram summary, verify in Thndr, and choose any position size manually."
20260729T090210Z_HOLD_NONE,2026-07-29T09:02:10.687299+00:00,NO_ACTION,,HOLD,,0,0,0,LOW,,,,market_context=DELAYED; tradeable_price_tickers=184/189; mubasher_current_rows=172/189,0,"Local fallback HOLD: no candidate passed evidence, liquidity, freshness, and technical gates.",,"No trade signal. Review watchlist, sector movement, and warnings."
